DALLAS / FORT WORTH INDUSTRIAL SALE COMPS,,,,,,,,,,,,,,,,,,,,,
,,,,,,, ,,,,,,,,,,,,,,
,,,,,,,,,,,,, ,,,, ,,,,
BUILDING NAME,PORTFOLIO,ADDRESS,CITY,STATE,ZIP CODE,DATE,RENTABLE,SALE,PRICE,BUYER,SELLER,OCC AT,IN-PLACE,SUB,MICRO,YEAR,CLEAR ,OFFICE ,COMMENTS,WALT,BROKER
,,,,,,CLOSED,AREA,PRICE,PER SF,,,CLOSING,CAP RATE,MARKET,MARKET,BUILT,HEIGHT,FINISH OUT,,,
,,,,,,,,,,,,,,,,,,,,,
CLASS B,  ,   ,    ,     ,      ,        ,         ,           ,               ,                       ,                            ,                                ,                           ,                                 ,                             ,                             3,                                          ,                                              ,Column14,Column13,Column12
Stonelake DFW Off Market Portfolio ,Yes,"3225 & 3401 Garden Brook
7901 Ambassador
8740 John Carpenter
1211 &727 Regal Row
15151 Surveyor
3000 Forest
575 International",Various,TX,Various,May-25," 553,242 ","$65,500,000",$118,JP Morgan,Stonelake ,99%,5.3% Year 1 Cap Rate,"East Dallas, Northwest Dallas, South Stemmons","Garland, Metro / Addison, N Stemmons / Valwood, Brookhollow",1958 - 2018,13' - 22',+/- 11%,"9 Building Class B portfolio comprised of 553,242 SF total. The portfolio is a mix of both single tenant and multi tenant buildings across the metroplex. The portfolio currently has 3.3 years of WALT remaining.",3.3,Newmark
Inwood Center,Yes,"1110 Inwood Rd, Dallas, TX 75247",Dallas,TX,75247,Jan-25," 738,199 ","$126,500,000",$171,M2G & Family Office LP,Hines,93%,"4.7% In-Place
6.43% Yr 3 YoC",South Stemmons,North Trinity,1961 - 1978,16' - 24',+/- 27%,"14 Building Class B portfolio totaling 738,199 SF located in South Stemmons. Currently 93% occupied by 62 total tenants with 2.88 years of WALT. Current rents are 27% below market.",2.88,Newmark
12200 N Stemmons Fwy Bldgs 2 & 3,Yes,12200 N Stemmons Fwy,Farmers Branch,TX,75234,Jan-25," 50,369 ","$7,750,000",$154,Birtcher Anderson,PHP Capital,100%,6.20% In-Place,Northwest Dallas,Metropolitan / Addison,1984,14',N/A,Two multi-tenant flex buildings off I-35E. Heavy office buildout with rear load configuration.,,Direct
9301 Stoneview Dr - Frito Lay,No,9301 Stoneview Drive,Dallas,TX,75237,Dec-24," 60,500 ","$7,725,000",$128,B&D Holdings,Frito Lay,100%,6.80% In-Place,South Dallas,SW Dallas/US 67,1999,28',N/A,Standalone Class B facility on 12.86 ACs. 100% leased to Frito Lay on a sale-leaseback structure. Ownership has the ability to expand the building or develop on the excess land associated with the sale.,,Direct - Off Market
Stonelake Off-Market Portfolio,Yes,"614 - 616 111th St., 634-640 107th St., 4811 Lakawana St.","Grand Prairie, 
Dallas",TX,Various,Dec-24," 179,480 ","$24,500,000",$137,Longpoint,Stonelake Capital ,100%,5.95% In-Place,"Great SW / Arlington, South Stemmons",Various,1974 - 1986,18' - 24',N/A,"Off market 3 building Class B portfolio. Originally purchased under Fund 5, but reallocated to Longpoint's Evergreen Fund. Comprised of two cross dock duplex buildings and one multi-tenant front load building.",,Direct - Off Market
Lewisville 121,Yes,1590 & 1620 E State Hwy 121 ,Lewisville,TX,75056,Nov-24," 187,650 ","$28,200,000",$150,M2G Ventures,Moxiebridge,94%,~6.6% In-Place,Northwest Dallas,Lewisville,1991 - 2006,18' 22',+/- 2%,"Class B, six-building Industrial park in Lewisville, TX totaling 187,650 SF. 19 tenants with 2.25 years of WALT. All grade level loading with direct access to SH-121.",2.25,Newmark
Gruene Portfolio,Yes,"4165 - 4185 Billy Mitchell, 2619 + 2621 Nova Dr., 2838-2848 Anode Ln, 11233 - 11251 Leo Lane",Various,TX,,Nov-24," 265,736 ","$28,500,000",$107,CanTex Capital,Gruene Family,86%,4.50%,Northwest Dallas / South Stemmons,Metro Addison / Hines,1960 - 1970,16'-18',N/A,"Four-building portfolio totaling 265,736 SF. Portfolio is 86% leased with two buildings being 100%, 4.5% in-place cap rate. Built in the 1960s and 1970s.",,LPC - JLL Consulting fee so probably cant track pricing accuracy
"LINK GSW, Plano, Redbird, Pinnacle/Turnpike Portfolio ",Yes,"1903-2115 Exchange Dr, 957 Heinz Way, 1600-1700 Capital Ave, 1601-1701 Summit Ave, 3209 Wood Dr, 2210 Saint Germain Rd, 2301 W Commerce St, 4030 Mint Way","Arlington, Grand Prairie, Plano, Garland, Dallas",TX,,Nov-24," 1,310,492 ","$148,000,000",$113,Bleecker Partners,LINK,82%,4.67% Year 1 cap,"Great SW / Arlington, Northeast Dallas, East Dallas",Various,1974 - 1993,15' - 30',+/- 10%,"Class B 1.3 MSF portfolio across 12 buildings out with CBRE. 82% leased and is 70-80s vintage, lower clear, with sizes ranging from 50k SF to 198k SF. 3.41 of WALT with in-place rents 18% below market.",3.41,CBRE
DFW Shallow Bay Portfolio,Yes,"1120 Luke Street, 3109 Gardenbrook, 3113 Gardenbrook, 3300 Gardenbrook, 2526 Manana, 2901 Suffolk, 1655 Hickory, 4101 Lindbergh","West Brookhollow, Upper GSW",TX,,Nov-24," 439,916 ","$55,000,000",$125,Basis Industrial,Birtcher Anderson,92%,5.5% In-Place; 7.00% Yr 2 YoC,"Great SW / Arlington, South Stemmons, Northwest Dallas",Various,1972-1985,10' - 25',+/- 33%,"A 439,916 square foot, 8-property light industrial portfolio within the DFW Metroplex. Currently 91.6% leased, the portfolio consists of high-performing assets located in South Fort Worth, West Brookhollow, East Hines North, N Stemmons/Valwood, and Metropolitan/Addison. In-place rental rates averaging 21% below market.",2.34 Years,Newmark
Centerport 1,No,"4401 Cambridge Rd, Fort Worth, TX 76155",Fort Worth,TX,76155,Nov-24," 122,259 ","$18,500,000",$151,Founders Properties,GID,100%,6.15% Year 1,Great SW / Arlington,Upper Great Southwest,1984,28',+/- 14%,"Single tenant building on 7.2 acres of land totaling 122,253 SF. Located just south of DFW in the Upper GSW micro market with 6.7 year WALT.",6.7 Years,C&W
"Great Southwest
Infill Shallow-Bay Portfolio",Yes,"1173 109th St
1114-1118 W Harris","Arlington, Grand Prairie",TX,"76011, 75050, 76001",Oct-24," 114,390 ","$14,900,000",$130,Bendetti,CanTex,100%,Low 6.00% Yr 1 Cap Rate;  Low 7.00% Untrended MTM,Great SW / Arlington,Upper GSW," 1961/2022, 1984",16'-20',+/- 13%,"Two property, shallow-bay Class B industrial portfolio totaling 114,390 SF. 100% leased to 7 tenants with a 2.03 years of WALT.",2.03 Years,Newmark
4051 N State Highway 121,No,4051 N State Highway 121,Grapevine,TX,76051,Oct-24," 540,000 ","$72,000,000",$133,"SMS InfoComm Corp
(User)",JPMorgan,100%,3.20% Year 1 Cap,DFW Airport,E DFW Airport / Las Colinas,1996,30',+/- 2%,"Standalone Class B rear-load facility sold off market to SMS InfoComm, a current tenant in the building. Multi-tenant building with 5.17 years of WALT remaining and direct access and frontage off Hwy-121.",5.17,Direct - Off Market
Waters Ridge,No,1655 Waters Ridge Dr,Lewisville,TX,75057,Sep-24," 367,744 ","$47,050,000",$128,GLP,Clarion,100%,5.90%,Northwest Dallas,Lewisville,1996,28',+/- 10%,Standalone Class B single tenant building 100% leased to TIGI USA. Cross dock configuration with mezzanine office. Located East of I-35.,,
COFE Portfolio,Yes,"3201 -3207 E Pioneer Pkwy
1510 Randolph St
2630, 2640, 2650, 2750 Northaven Rd 
11235 & 11312 Grissom Ln
14518 Hempstead Rd",DFW /  Houston,TX,,Sep-24," 461,318 ","$61,000,000",$132,Basis Industrial,COFE Properties,93%,6.02%,"Great SW / Arlington, South Stemmons, Northwest Dallas",Various,1970 - 1980,12' - 22',+/- 25%,6 Properties / 27 Building Class B Portfolio consisting of ~461K SF. Portfolio was sold off market.,,Newmark
1001 Klein Rd,No,"1001 Klein Rd, Plano TX",Plano,TX,75074,Sep-24," 114,195 ","$17,100,000",$150,DRA Advisors,ATCAP Partners,100%,8.28% Yr. 3 YoC,Northeast Dallas,Plano,2001,20',+/- 50%,"Part of a 9 property portfolio, 1001 Klein Rd is a standalone Class B rear load building that is 100% leased to multiple tenants. In-place rents are 18.7% below market with 3.2 years of WALT.",3.2 Years,JLL
2880 N State Highway 360 - Papa John's,No,2880 N State Highway 360,Grand Prairie,TX,75050,Aug-24," 176,960 ","$30,933,000",$175,JP Morgan,Papa John's International Inc.,100%,6.35% In-Place,Great SW / Arlington,Upper GSW,1997,31',N/A,Standalone Class B front loader 100% leased to Papa John's on a 17.5 year sale-leaseback. The building has direct access and frontage from Hwy-360.,17.5,Direct - Off Market
Royal Tech Commons,Yes,"7880 Bent Tree Branch Dr
3232 W Royal Ln
8333 Ridgepoint Dr
7700 Bent Branch Dr
8201 Ridgepoint Dr",DFW Airport,TX,,Jul-24," 622,697 ","$67,100,000",$108,Entrada Partners,Dilweg / Silvercap,55%,9.6% Yr. 3 YoC,DFW Airport,E DFW Airport / Las Colinas,1985 - 2000,12' - 22',+/- 90%,11 building Class B portfolio totaling 622K SF across 64 acres in E DFW Airport submarket. 55% occupied with in-place rates 9.4% below market. The buildings are 90% office buildout with 4.2 years of WALT left.,7.2 Years,JLL
13911 Distribution Way,No,13911 Distribution Way,Farmers Branch,TX,75234,Jul-24," 105,600 ","$13,305,000",$126,"Promos Ink
(User)",Advanced Concrete,0%,N/A,Northwest Dallas,N Stemmons / Valwood,1959,30',+/- 20%,Standalone Class B building fronting I-35. User sale to another user that will occupy. The building is mostly metal with heavy power and has been renovated several times.,,
Texas Infill Portfolio ,Yes,,,,,Jun-24," 1,385,485 ","$147,455,000",$106,Nuveen,Prologis,99%,"5.60% In-Place
6.73% Yr. 3 YoC",Various,Various,1978 - 1984,12' - 25',+/- 12%,"Comprised of 17 Class B buildings on 70.90 acres between DFW, San Antonio, and Houston, the portfolio is 99% leased to 61 total tenants with 2.3 years of WALT. Average tenant size of 23,150 SF with current rents being 40.7% below market.",,
Plano Industrial Portfolio,Yes,"2700 Summit Avenue, 2701-3601 East Plano Parkway, 1100 Klein Road, 3101 Summit Ave
Plano, TX 75074",Plano,TX,,Jun-24," 848,261 ","$120,000,000",$141,DRA ,Link Logistics,100%,5.86% In-Place Cap; 7.00%+ Yr. 4 YoC,Northeast Dallas,Plano,1997-2000,24',+/- 29%,"A 8 building, 848,261 square feet industrial portfolio located in the northwest submarket of DFW. The portfolio is 100% leased with a WALT of 4.8 years and +/- 29% office finish. In-place rental rates averaging 24% below market.",4.80 Years,C&W
100 N. Sam Houston,No,100 N. Sam Houston Road,Mesquite,TX,75149,May-24," 81,552 ","$9,786,240",$120,CoreOne Industrial,Cone Commercial Real Estate,100%,6.96%,East Dallas,Mesquite,1984,18',+/- 10%,"Two building, 81,552 square foot industrial facility located in the East Dallas submarket. 100% leased to SRS Distribution on a brand-new 7-year lease (7.2-year WALT) with a 7-year FRO. IOS component on 5.62 acre site.",,
Proto Park,No,"3200 Irving Blvd,
Dallas, TX 75247",South Stemmons,TX,75247,May-24," 257,192 ","$37,000,000",$144,Bendetti (RGA Equity),M2G Ventures,100%,~5.25% Yr 1 cap; 7.4% Yr 3 YoC,South Stemmons,West Brookhollow,1965 / Renovated 2021-2022,20' - 24',N/A,"A Class B multitenant 257,192 SF building,100% leased building with 5.03  Years of WALT. It was built in 1965 with renovations in 2021 and 2022. Pricing reflects marketed price guidance. Biggest tenant, Morrison Supply, in 52k SF, rolls at the end of 2024 which is the only near term mark-to-market play. Current rents are 37% below market between 5 total tenants.",4.80 Years,C&W
North Dallas Infill Portfolio,Yes,"1135 & 1215 Crowley, 4040-4130 Lindbergh, 4415-4585 Simonton","Carrolton, Addison, Farmers Branch",TX,"75006, 75001",Mar-24," 627,303 "," 74,000,000 ",$118,Forefront,AEW,100%,5.20%,Northwest Dallas,Valwood / Metro Addison,1970-1979 (Avg. 1975) ,24',N/A,3- property Class B light industrial portfolio with rents currently 39% below market.,2.30 Years,Newmark
1169-1171 113th Street ,No,1169 - 1171 113th Street ,Grand Prairie,TX,75050,Mar-24,"40,500","$4,500,000",$111,CanTex Capital,Berkeley Partners,100%,"4.8% Cap Rate
7.6% Yr 4 YoC",Great Southwest / Arlington,Upper Great Southwest,1976,17',+/- 8%,"A single-tenant net lease industrial building totaling 40,500 sf. The building is situated on 2.1 acres with 2.4 years of WALT. With in-place rents 59% below market, the Property presented an attractive mark-to-market opportunity for investors.",2.40 Years,JLL
DFW Link Portfolio,Yes,"802-854 Avenue R, 902-935 Avenue R, 920 Avenue R, 1001 Avenue R, 1621 W Crosby, 1620 Rafe St, 3212-3214 Belt Line, 3208-3210 Belt Line, 3216-3218 Belt Line, 14934 Webb Chapel","Carrollton, Addison, Grand Prairie",TX,,Mar-24," 684,272 ","$78,000,000",$114,Bleecker Partners,Link Logistics,82%,"4.5% In-Place; 
6.7% stabilized YoC","Greater SW/Arlington, Northwest Dallas","GSW, Valwood",Multiple,18' - 25',+/- 25%,"10 building portfolio that is 82% occupied stabilizing to a 6.7% YoC. The Portfolio is located in GSW, Valwood, and Farmers Branch.",,CW
4400 Diplomacy Road,No,4400 Diplomacy Rd,Fort Worth,TX,76155,Feb-24," 119,995 ","$13,200,000",$110,Stonelake,Sealed Air Corporation,100%,4.20%,Great Southwest / Arlington,Upper Great Southwest,1985,24',+/- 8%,"Single-tenant building leased to Litex Industries through Feb 2027.  Rents 40% below market.  RSF is 123,545 SF but removing the mezzanine space has 119,995 SF of traditional industrial SF.",3.20 Years,C&W
Havertys Furniture Distribution Center,No,770 Gateway Blvd,Coppell,TX,75019,Dec-23," 440,958 ","$37,492,667",$85,"Haverty Furniture Companies, Inc.",Truist,100%,6.70%,DFW Airport,E DFW Airport/Las Colinas,1996 / 2018,37',+/- 6%,"A single-tenant net lease industrial building totaling 440,958 SF. The building is situated on 26.9 acres and is located within the DFW Airport submarket/E DFW Airport micromarket with 11.4 years of WALT remaining. The building features 60 loading docks, up to 37' clear height, along with 6% office finish and 11% showroom retail (48,600 SF).",,
South Fort Worth Portfolio - Rosedale,Yes,E Rosedale St & I-820,Fort Worth,TX,76112,Dec-23," 642,017 ","$53,929,428",$84,Longpoint Realty Partners,Private Group,69%,-,South Fort Worth,East Fort Worth,1968 - 1989,19',+/- 10%,25 building portfolio located on the northwest corner of E Rosedale & I-820 in East Fort Worth. The majority of the buildings were built in 1971.,,JLL
DFW Logistics Portfolio,Yes,"2861 Merrell Rd, 2820-2830 Merrell Rd, 119 Regal Row, 3901 La Reunion, 2170-2180 French Settlement Rd, 2130-2150 French Settlement Rd, 4884 Duncanville Rd, 2301-2305 Franklin Dr",Varies,TX,Varies,Nov-23," 1,322,919 ","$142,500,000",$108,Rockpoint Group,Dogwood Industrial,95%,"4.7% In-Place
6.50% Yr 2 YoC",North Fort Worth/South Dallas/South Stemmons,-,1978,22'-28',+/- 9%,"DFW Logistics Portfolio consists of eight (9) Class B, shallow bay buildings located in various submarkets across Dallas/Ft. Worth. The Portfolio is 1,322,919 SF in size with 22' - 28' clear heights and an average year built of 1978. The Portfolio is 95% leased with 2.9 years of WALT remaining, a 61% MTM Opportunity, and average an average building size of 147,000 SF.  ",,Eastdil Secured
Blue Smoke Business Park,No,2424 Blue Smoke Ct,Fort Worth,TX,76105,Nov-23," 183,918 ","$20,600,000",$112,Basis Global ,PHP Capital,84%,"5.50% In-Place
6.25% Yr 2 YoC",South Fort Worth,East Fort Worth,1975,14'-17',N/A,Eleven building portfolio in East Fort Worth that has 3.2 years of WALT and 32% below market rents.,,CBRE
I-30 Shallow Bay Portfolio ,Yes,2301– 2759 Ludelle St,Fort Worth,TX,71605,Nov-23," 452,721 ","$47,500,000",$105,Basis Global ,Tillar Partners,78%,"4.80% In-Place
7.75% Yr 2 YoC",South Fort Worth,East Fort Worth,1957-1983 (Avg. 1962),12'-18',+/- 7%,16-building portfolio in East Fort Worth with 1.3 years of WALT and 47% below market rents.,,Newmark
DFW Infill Portfolio,Yes,"1169-1711 113th St
1375 Avenue S",Grand Prairie,TX,75050,Oct-23," 144,500 ","$15,150,000",$105,Berkeley Partners ,Oxford Properties,100%,"4.46%
7.22% Untrended Mark-to-Market Yield",Great Southwest / Arlington,Upper Great Southwest,1997,17'-29',+/- 9%,"The Texas Infill Class B Portfolio (Dallas-Fort Worth) consists of two buildings in the GSW submarket of Dallas totaling 144,500 SF. Proximate to the intersections of I-30, SH 161, and SH 360, both properties benefit from direct major regional trade corridors as well as direct local distribution hubs. The portfolio is 100% leased to two tenants, IntermexProducts and Superior Relocation Services, with 2.2 years of weighted average lease term remaining and an average mark-to-market opportunity of 76.8%+ upon expiration.",,JLL
Stemmons Crossing - Building 2,No,13375 Branch View Lane,Farmers Branch,TX,75234,Sep-23," 48,943 ","$6,200,000",$127,MoxieBridge,StoneDome Real Estate,100%,6.20%,Northwest Dallas,North Stemmons/Valwood,1973,18',N/A,"One (1) building totaling 48,943 SF, fully leased to Red River Tea Holdings LLC, with 1.4 years of WALT remaining. Located in the Valwood submarket in Northwest Dallas, the Property sits on 2.25 acres of land, offering 18' clear heights, 6 dock-high doors and offers both office / warehouse space. ",,Direct - Off Market
Premier Dallas Infill Portfolio,Yes,3520-3540 W Miller Rd & 1601 & 1801 S Shiloh Rd,Garland,TX,75041,Aug-23," 631,166 ","$84,000,000",$133,Link Logistics,TA Realty,100%,"4.25% In-Place
5.50% Yr 3 YoC",Northeast Dallas,Garland,2002 / 2020,20'-32',+/- 20%,"Six shallow bay building portfolio, totaling just over 630,000 square feet, located in Garland, alongside two of the busiest thoroughfares in the submarket, Miller and Jupiter Road. The Portfolio is 100% leased with an average remaining lease term of approximately 3.3 years and 26% below-market. The Miller assets were built in 2002 and the Shiloh assets were built in 2020 and have an average clear height of 26'. Pricing approximate based on market feedback.",,Eastdill Secured
Dallas Turnpike Portfolio,No,2322 French Settlement Road,Dallas,TX,75212,Aug-23," 1,412,397 ","$133,000,000",$94,TA Realty,Principal,100%,"4.90% In-Place
5.90% Yr 3 YoC",South Stemmons,Eastern Lonestar/Tpke,1985-1988,30',+/- 10%,"4 buildings (Turnpike 25, 26, 28, 29) at 30% below market rents, 6.2 year WALT.  30' clear, built 1985-1988; 117 - 147 ft truck court depth. Pricing approximate based on market feedback. ",,Eastdill Secured
DFW Airport & Valwood,Yes,"Carrollton - 2425 Camp Avenue, 1400 Hutton Drive, 1410 Dunn Drive
Irving - 2301 Crown Court, 2700 Story Rd West, 2800 Story Rd West",Carrollton/Irving,TX,75006/75038,Aug-23," 589,837 ","$71,375,000",$121,Taurus Investment Holdings,KKR,100%,"~4.50% In-Place
5.75% Yr 2 YoC",Northwest Dallas/DFW Airport,North Stemmons/Valwood/E DFW Airport,1975-1983,20'-26',+/- 7%,Six-building portfolio across Carrollton and Irving that has a 2.13 year WALT with rents 38% below market. Pricing approximate based on market feedback. ,,CBRE
Dallas Northeast Logistics Portfolio,Yes,"13435, 13465, 13445 Jupiter Road
415 Interchange Street",Garland/McKinney,TX,75041/75071,Aug-23," 219,049 ","$21,500,000",$98,CanTex,KKR,100%,6.31% Yr 2 YoC,Northeast Dallas,NE Dallas/Garland,1987-1988,18'-23',N/A,"219,049 SF, 4-building industrial portfolio in DFW, located in Garland and McKinney, with 3.5 years of WALT remaining. Pricing approximate based on market feedback.",,CBRE
Miller Park & Lombardy II,Yes,"2755-2795 Miller Park North, 10647-10657 Shady Trail",Garland/Dallas,TX,75042/75220,Jun-23," 353,643 ","$37,200,000",$105,Berkley Partners ,TA Realty,100%,4.94%,Northeast Dallas,NE Dallas/Garland,"1982, 1986, 1989",24'-28',+/- 6%,"2 infill, light industrial buildings in Northeast Dallas & South Stemmons. 100% leased to 11 tenants with a  3.9 year WALT and rents 31% below market. Front-load and rear-load buildings with a 5.6% average office finish, 32KSF average suite size, and clear heights ranging from 24' to  28'. Pricing approximate based on market feedback.",,CBRE
4833 Cash Rd,No,4833 Cash Rd,Dallas,TX,75247,Apr-23," 7,100 ","$1,020,000",$144,MoxieBridge,Unknown (Off Market),100%,7.30%,South Stemmons,West Brookhollow,1974,14',N/A,"Single building acquisition by Moxiebridge sourced through an off-market broker. The building is 7,100 SF and 100% leased to a single tenant.",,
2943-2947 Blystone Lane,No,2943-2947 Blystone Lane,Dallas,TX,75220,Apr-23," 20,882 ","$2,200,000",$105,MoxieBridge,Unknown (Off Market),100%,-,South Stemmons,East Hines North,1971,14',N/A,"Single building acquisition by Moxiebridge sourced through an off-market broker. The multi-tenant building is 20,882 SF and 100% leased at closing. ",,
GSW Strategic Portfolio,Yes,3101 Pinewood Drive,Grand Prairie,TX,75051,Mar-23," 445,497 ","$48,000,000",$108,Mavik Capital Management,M2G / Pennybacker Capital,100%,2.94%,Great Southwest / Arlington,Lower GSW,1975-1988 / 2021,16'-28',+/- 6%,"Three-property, three tenant shallow bay portfolio totaling 445,497 square feet in Dallas-Fort Worth’s Great Southwest submarket cluster. The Portfolio has an average remaining lease term of 3.2 years and  rates 93% below market. The opportunity provides long term flexibility on future redevelopment on one of the sites, totaling 18.35 acres. Located at 3101 Pinewood Drive, 2895 113th St, 2302 W Marshall Drive, 3101 Pinewood Drive.",,JLL / Newmark
Rockwall Urban Industrial Center,No,1905 Alpha Drive,Rockwall,TX,75087,Jan-23," 87,600 ","$16,644,000",$190,ATCAP,Longbow,46%,6.75% YoC,Northeast Dallas,Rockwall County,2020,18'-24',N/A,"Three-property shallow bay portfolio totaling 87,600 square feet in Dallas-Fort Worth’s Northeast Dallas submarket cluster. Two of the three buildings have grade-level loading with 18'-24' clear heights. Located at 1905, 1910, 1915  Alpha Drive.",,
11055 Plano Road,No,11055 Plano Road,Dallas,TX,75238,Jan-23," 29,962 ","$3,100,000",$103,MoxieBridge,Dallas Plumbing Company (User SLB),100%,6.80%,Northeast Dallas,NE Dallas/Garland,1985,16',N/A,SLB acquisition by Moxiebridge sourced through an off-market broker. The building is 29.962 SF and 100% leased at closing to Dallas Plumbing Co. ,,"None, Sold Direct"
CentrePort Place I & II ,No,4300 - 4400 Amon Carter Blvd,Fort Worth,TX,76155,Jan-23," 81,560 ","$10,500,000",$129,PAR Real Estate,Lincoln Property Company,63%,4.85%,Great Southwest / Arlington,Upper GSW,1985,14',+/- 90%,"Two buildings, 81,560 square foot light industrial business park that is 63% leased to five tenants with 3.4 years of WALT. The opportunity is a 4.85% in-place cap, stabilizing to a high 7.00% YoC. The Property is located in the infill Great Southwest industrial market, just south of DFW International Airport  within the premier CentrePort Business Park.",,CW
"1515 Big Town Blvd, Mesquite 
*A part of the East Dallas Infill Portfolio",Yes,1515 Big Town Blvd,Mesquite,TX,75149,Dec-22," 257,915 ","$30,900,000",$120,Mavik Capital Management,CanTex Capital,100%,4.82%,East Dallas,East Dallas / Mesquite,1980,28',+/- 14%,Apart of the East Dallas Infill Portfolio sale for a total of $78.5MM. The Property has an average remaining lease term of 6.1 years and rates 10% below market. The Property sits on 19.48 Acres and boasts a low coverage ratio at 30%. ,,JLL
"3914-3920 US Hwy 80, Mesquite
*A part of the East Dallas Infill Portfolio",Yes,"3914-3920 US Hwy 80
","Mesquite
",TX,75149,Dec-22," 100,000 ","$11,200,000",$112,Mavik Capital Management,CanTex Capital,100%,3.79%,East Dallas,East Dallas / Mesquite,1980,18',+/- 2%,Apart of the East Dallas Infill Portfolio sale for a total of $78.5MM. The Property has an average remaining lease term of 4.7 years and rates 57% below market. The Property sits on 8.81 Acres and boasts a low coverage ratio at 26%. ,,JLL
"2917-2937 Oakland Ave, Garland
*A part of the East Dallas Infill Portfolio",Yes,2917-2937 Oakland Ave,Garland,TX,75041,Dec-22," 123,816 ","$13,200,000",$107,Mavik Capital Management,CanTex Capital,100%,4.73%,East Dallas,East Dallas / Mesquite,1970,30',+/- 12%,Apart of the East Dallas Infill Portfolio sale for a total of $78.5MM. The Property has an average remaining lease term of 9.4 years and rates 22% below market. The Property sits on 8.08 Acres and boasts a low coverage ratio at 35%. ,,JLL
"11333 Pagemill Rd, Dallas
*A part of the East Dallas Infill Portfolio",Yes,11333 Pagemill Rd,Dallas,TX,75243,Dec-22," 127,725 ","$14,300,000",$112,Mavik Capital Management,CanTex Capital,100%,4.34%,East Dallas,East Dallas / Mesquite,1978,23',+/- 13%,Apart of the East Dallas Infill Portfolio sale for a total of $78.5MM. The Property has an average remaining lease term of 4.7 years and rates 16% below market.  ,,JLL
"11221 Pagemill Rd, Dallas
*A part of the East Dallas Infill Portfolio",Yes,11221 Pagemill Rd,Dallas,TX,75243,Dec-22," 80,041 ","$8,800,000",$110,Mavik Capital Management,CanTex Capital,100%,4.08%,East Dallas,East Dallas / Mesquite,1980,20',+/- 20%,Apart of the East Dallas Infill Portfolio sale for a total of $78.5MM. The Property has an average remaining lease term of 2.7 years and rates 26% below market. The Property sits on 5.52 Acres and boasts a low coverage ratio at 33%. ,,JLL
East Dallas Infill Portfolio,Yes,1515 Big Town Blvd,Mesquite,TX,75149,Dec-22," 689,497 ","$78,500,000",$114,Mavik Capital Management,CanTex Capital,100%,4.40%,East Dallas,East Dallas / Mesquite,1970-1985,18'-30',+/- 12%,"Five-property shallow bay, low coverage portfolio totaling 689,497 and 100% occupied by 6 tenants with an average remaining lease term of 5.3 years and a potential increase in rental rates of 20% on average. The Portfolio totals 47.4 Acres and boasts a low coverage ratio at 33%. ",,JLL
Northeast Fort Worth Portfolio,Yes,"2200-2216 Carson Street & 2200-2209 Moneda Avenue
6413 Midway Rd
4922 Northeast Pky
",Fort Worth,TX,76117,Oct-22," 130,299 ","$16,200,000",$124,MoxieBridge,Unknown (Off Market),100%,5.40%,North Fort Worth,Meacham Field/Fossil Creek,1968-1998,16-20,N/A,Portfolio acquisition by Moxiebridge sourced through an off-market broker. The buildings were multi-tenant and 100% leased at closing.,,
DFW Infill Portfolio,Yes,1460 North Glenville Drive,Richardson,TX,75081,Oct-22," 759,889 ","$110,000,000",$145,Faropoint,Link Logistics,95%,6.60%,Great Southwest / Arlington,DFW Airport / GSW / NE,1979 - 2007,22' - 24',+/- 37%,"Seven-property portfolio located within the DFW Airport, Valwood/N Stemmons, Brookhollow, Great Southwest and Richardson submarkets. The Portfolio has an average remaining lease term of 4.6 years and rates 22% below market. Located at 1460 North Glenville Drive, 1301 Ridgeview Drive, 2220 Chemsearch Boulevard, 1601 Valley View Lane, 631 South Royal Lane, 1111 Northpoint Drive, 2300 East Randol Mill Road.",,CW
1815 Trinity Valley,No,1815 Trinity Valley,Carrollton,TX,75006,Sep-22," 26,400 ","$4,400,000",$167,MoxieBridge,-,100%,5.80%,Northwest Dallas,North Stemmons/Valwood,1980,24',N/A,"SLB acquisition by Moxiebridge sourced through an off-market broker. The building is 26,400 SF and 100% leased at closing to Ocean Beauty Seafoods. ",,
DFW Premier Portfolio,Yes,545 Commerce,Southlake,TX,76092,Jun-22," 764,255 ","$119,500,000",$156,Arden,Moxiebridge,96%,3.63%,DFW Airport,West DFW Airport,1968-2018,16'-32',21%,"14-Property Portfolio located in the East Dallas Mesquite, Metropolitan Addison, North Stemmons, Northeast Dallas, Upper GSW, West DFW Airport and the West Brookhollow submarkets with 40% below market rents. Located at 545 Commerce, 902 - 910 Fountain, 2120 Vanco, 12400 Ford, 1705 John Connally, 3325 - 3341 Halifax, 712 - 740 West Mockingbird, 3138 Quebec, 15301 - 15323 Midway, 4700 Alpha, 3609 Marquis, 3301 - 3401 Innovative, 555 S Town East, 206 S Town East",,JLL
3601  Executive Blvd,No,3601 Executive Blvd,Mesquite,TX,75149,May-22," 21,550 ","$2,050,000",$95,MoxieBridge,Unknown (Off Market),100%,-,East Dallas,Mesquite,1960,14',N/A,"One building acquisition by Moxiebridge sourced through an off-market broker. The single tenant building totaled 71,019 SF and were 100% leased at closing. ",,Off Market
Garland Distribution Center,No,4040 Forest Lane,Garland,TX,75042,Apr-22," 649,361 ","$58,200,000",$90,Link Logistics,Lightstone Group,97%,2.95%,Northeast Dallas,Northeast Dallas / Garland,1960 / 2016,25' - 40',+/- 5%,"A 97% occupied industrial facility located in the Dallas infill suburb of Garland. The Property is comprised of four industrial manufacturing/distribution buildings totaling 652,606 square feet and located on a 47-acre parcel. The Portfolio has an average remaining lease term of 2.9 years and  rates 26% below market.",,JLL
Valwood Portfolio (Senlac ),Yes,13801 Senlac Drive,Farmers Branch,TX,75234,Apr-22," 122,822 ","$19,467,287",$159,KKR,Old House Capital,100%,3.30%,Northwest Dallas,North Stemmons/Valwood,1986,22',+/- 13%,"The Valwood Core Portfolio (the “Portfolio”), a two building portfolio totaling 122,822 SF in the coveted Valwood micromarket. The Portfolio is 100% leased with a weighted average remaining lease term of 4.74 years and rents 22% below market. Located at 13801 Senlac Drive, 1533 Crescent Drive.",,CBRE
9008-9016 Diplomacy & 2930-2952 Ladybird,Yes,"9008 Diplomacy Row
2952 Ladybird",Dallas,TX ,75247,Mar-22," 71,019 ","$8,100,000",$114,MoxieBridge,Unknown (Off Market),100%,-,South Stemmons,Brookhollow,1968,17',N/A,"Three building acquisition by Moxiebridge sourced through an off-market broker. The single and multi-tenant buildings total 71,019 SF and were 100% leased at closing. ",,
Westway Business Center,No,"7001 Enterprise Avenue
",Fort Worth,TX,76118,Mar-22," 360,423 ","$40,000,000",$111,Birtcher Anderson,Garrett Group,74%,5.00%,Great Southwest / Arlington,Lower GSW,1984,14'-22',N/A,8-Building Business Park in Lower GSW.  Buyer assumed an existing loan.,,JLL
Forney Logistics Center,No,100 Fm-548 N,Forney,TX,75126,Feb-22," 408,308 ","$30,800,000",$75,Dalfen,N/A,100%,5.56%,East Dallas,East Dallas / Mesquite,2000,28',N/A,"408,308 SF (two 28’ clear, front load buildings that are connected). The property was sold as a sale leaseback with a 7 year term, $4.20 PSF starting rent and 3% annual bumps",,
Limestone Flexspace,No,11224 Limestone Dr,Balch Springs,TX,75180,Dec-21," 86,250 ","$5,100,000",$59,Finial Group,"Limestone Flexspace, LLC",100%,6.46%,East Dallas,East Dallas / Mesquite,1979,28',+/- 6%,"4-Building light industrial portfolio located in Balch Springs, TX. Limestone is 100% leased to 2 tenants with tenants with 4.7 years of WALT and below market rents.",,
I20 Corporate Center,No,220 E Danieldale Road,DeSoto,TX,75115,Dec-21," 385,472 ","$32,100,000",$83,Triumph Capital Group,Bradford Companies,69%,4.80% Stabilized YOC,South Dallas, SW Dallas/US 67,1986,"28'6""-33'",+/- 6%,"I20 Corporate Center  is a 385,472 square foot industrial property on 20.55 acres of land which is located at 220 E Danieldale Road, DeSoto, TX 75115. DeSoto is a city located in Dallas-Fort Worth within the high-performing South Dallas industrial submarket. The property is 69% leased by Diab Americas, their North American Headquarter location, with 7.2 years of term remaining.",,JLL
Lewisville 121,Yes,1590 - 1620 E. Business Hwy 121,Lewisville,TX,75056,Dec-21," 189,600 ","$27,200,000",$143,MoxieBridge,Peck Commercial Ltd,100%,4.82%,Northwest Dallas,Lewisville,1991-2007,33',+/- 18%,"6-Building portfolio located in Lewisville, TX. Lewisville 121 is 100% leased to 21  tenants with 0.8 years of WALT. Rents at the property are 10% below market.",,JLL
DFW Infill Business Park Portfolio (2-Pack),Yes,4823 - 4845 West Royal Lane,Irving,TX,75063,Dec-21," 271,100 ","$41,500,000",$153,Pegasus,Fort Capital,99%,5.54%,DFW Airport,E DFW Airport/Las Colinas,1981-1998,16'-18',+/- 67%,"2 Property Portfolio in the DFW Airport Submarket. Located at 4823 - 4845 West Royal Lane & 8400 - 8432 Sterling Street, Irving, Texas 75063 and 4040 W Royal Ln, Irving, TX 75063.",,JLL
"4040 Royal 
* A part of DFW Infill Business Park Portfolio (2-Pack)",Yes,4040 Royal,Irving,TX,75063,Dec-21," 91,051 ","$14,380,000",$158,Pegasus,Fort Capital,80%,6.00%,DFW Airport,E DFW Airport/Las Colinas,1999,18'-20',+/- 61%,"Located at 4040 W Royal Ln, Irving, TX 75063.",,JLL
"Commerce Center 
* A part of DFW Infill Business Park Portfolio (2-Pack)",Yes,8400 - 8432 Sterling Street,Irving,TX,75063,Dec-21," 179,049 ","$27,120,000",$151,Pegasus,Fort Capital,90%,5.23%,DFW Airport,E DFW Airport/Las Colinas,1981,12'-18',+/- 80%,"Located at 4823 - 4845 West Royal Lane & 8400 - 8432 Sterling Street, Irving, Texas 75063.",,JLL
Momentum Portfolio (Dallas North),Yes,701 E Plano Pky,Plano,TX,75074,Dec-21," 2,267,194 ","$250,000,000",$110,CIP,Momentum,80%,-,Northeast Dallas,Plano,1983,N/A,+/- 64%,"80 building portfolio located in Addison, Richardson, Garland and Allen",,C&W
Crosby Valwood Portfolio,Yes,1300-1312 W Crosby Rd ,Carrollton,TX,75006,Dec-21," 320,493 ","$43,200,000",$135,Black Creek ,Holt Lunsford Commercial Investments,100%,3.30%,Great Southwest / Arlington,Valwood,1971,14' - 24',+/- 7%,"Crosby Valwood Portfolio, a 320,493 square foot 4 building portfolio located in the geographic bullseye of Dallas, TX.  The Portfolio is 100% leased to a diverse mix of 9 high-quality last mile distribution users with 6.33 years of weighted average lease term. Rents approximately 18% below market. 1415-1421 Hutton Dr, 1418-1424 Dunn Dr, 1200-1210 W Crosby Rd,",,CBRE
Miller Park & Perimeter Center I,Yes,Costar or Horizon,12150 Shiloh Rd,TX,75228,Dec-21," 84,267 ","$7,875,000",$93,Faropoint,Holt Lunsford Commercial Investments,100%,4.10%,Great Southwest / Arlington,Garland,1960-1984,18' - 24',+/- 18%,"Miller Park & Perimeter Center I is a two building portfolio fully leased to 5 tenants totaling 84,267 square feet in Northeast Dallas. With 31% below market rents and a weighted average lease term of 2.67 years, the Portfolio offers investors a significant mark to market opportunity. Property specs include 1960 - 1984 construction, 18-24' clear heights, 17.9% average office buildout with front and rear load configurations",,
Kennington Portfolio,Yes,2001 Westgate,Carrollton,TX,75006,Dec-21," 300,437 ","$42,001,000",$140,Birtcher Anderson,Kennington Commercial,87%,3.70%,Northwest Dallas,North Stemmons/Valwood,1976-1984,17',+/- 30%,"2 building portfolio in Addison and 3 building portfolio in Carrollton. Rents are approximately 25% below market. *Add addresses choose one carrollton one 4301-4323 Lindbergh Drive, 4300-4324 Sunbelt Drive, 2425 McIver Lane,1415/1425 Whitlock Lane, 1325 Whitlock Lane",,CBRE
Jupiter Business Park,Yes,7001 Enterprise Avenue,Fort Worth ,TX,76118,Nov-21," 141,178 ","$25,500,000",$181,PS Business,Moxiebridge,97%,4.60%,Northeast Dallas,Plano,1984,18',+/- 38%,Five building business park in Plano ,,JLL
1515 Monetary ,No,1515 Monetary ,Carrollton,TX,75006,Oct-21," 111,274 ","$10,400,000",$93,Confidential,Merchant Properties ,15%,N/A,Northwest Dallas,North Stemmons/Valwood,1980,25' - 30',+/- 12%,The building is currently 15.41% leased to Georgia Underground and is located in the infill Valwood submarket. ,,
DFW / PHX - Prime Portfolio,Yes,7001 Enterprise Avenue,Fort Worth ,TX,76118,Sep-21," 544,117 ","$66,250,000",$122,Taurus Investment Holdings,Humphreys Group,94%,4.00%,South Fort Worth,DFW / PHX,1970s,20',+/- 18%,5 building portfolio in DFW and 3 building portfolio in PHX,,JLL
Westwood Business Park,No,"1801 Royal Lane
11482 Luna Road",Farmers Branch,TX,75229,Sep-21," 228,000 ","$34,150,000",$150,Pegasus,Finial / Trigate,90%,5.10%,Northwest Dallas,North Stemmons/Valwood,1980-1990,18' - 23',+/- 75%,"12-building business park in Farmers Branch totaling 228,000 square feet of office and industrial space with a WALT of 3.4 years.",,JLL
Port America,No,756 Port America Pl,Grapevine,TX,76051,Sep-21," 717,094 ","$123,000,000",$172,PS Business,Stockbridge Real Estate,97%,3.95%,DFW Airport,West DFW Airport,1989,26',+/- 22%,"A 15-building, 717,094 square foot industrial portfolio that is 97% leased. Rents approximately 11% below. The buildings are located immediately adjacent to the DFW International Airport on fee simple land and feature average of 26' clear height, 22% office finish and 1989 construction. There are 514 dock doors in the portfolio, on average 1 : 1,396 SF.",,JLL
Great Southwest Portfolio,Yes,109th St Business Park,Arlington,TX,76011,Jul-21," 582,803 ","$53,650,000",$92,Arden,Fort Capital,77%,3.10%,Great Southwest / Arlington,Lower GSW,1970,18',+/- 26%,"12-Last Mile Shallow Bay Portfolio in Great Southwest. Located at 2821 E Randol Mill Rd., 3016-3030 Avenue E., 1170-1180 109th St., 4901 Beach Street, 924 111th Street, 1609 109th Street, 1209 Round Table Drive, 4924 Woodall Street, 8517 Directors Row",,
L&S Business Park  ,No,1013 I-45,Hutchkins,TX,75141,Jul-21," 242,500 ","$12,500,000",$52,Keating Resources,Hutchins Warehouse Ltd,61%,N/A,South Dallas,SE Dallas/I-45,1986,26' - 35',N/A,Keating Resources bought this asset from a private individual at 60% leased.  Buyer has assumed $1.2m in capex which wwill take the basis to $56.50 psf,,JLL
4707 Bronze Way,No,2601 Pinewood Drive,Grand Prairie,TX,75051,Jun-21," 154,000 ","$7,750,000",$50,MDH Partners,Huntington Industrial Partners,100%,4.03%,Great Southwest / Arlington,Lower GSW,1982,22' - 24',+/- 2%,100% leased to Boise Cascade (Ba2) with ~7.5 years of WALT remaining. Current in-place lease is ~85% below market. ,,JLL
Stoneridge Business Park,No,2550 Beckleymeade Ave,Dallas,TX,75237,May-21," 171,025 ","$15,175,000",$89,Arden Group,Moxiebridge,83%,"5.07%
(7.00% Stab. YoC)",South Dallas,Southwest Dallas/US 67,1987,18' - 20',+/- 58%,"171,025 square foot, 3-building light industrial park located in South Dallas off of the I-20 / US-67 intersection.  83% leased at the time of closing to 15 tenants with an average remaining lease term of 3.6 years and in-place rents that are currently 10% below market.",,
Midway Light Industrial Portfolio ,No,"7331-7359 Airport Freeway
",Richland Hills,TX,76118,May-21," 123,011 ","$11,500,000",$93,MoxieBridge,Cohen Asset Management,88%,6.50%,South Fort Worth,East Fort Worth,1984 - 1987,15',+/- 66%,"4 buildings, 3.7 WALT, 26 tenants. Mid 6% going in which is a 7.00% year 1. Located at 7331-7359, 7423-7449,7451-7477 Airport Freeway and 7450-7468 Dogwood Park",,
Indian Trail Portfolio,Yes,10911 - 10920 Indian Trail,Dallas,TX,75229,May-21," 27,611 ","$1,987,992",$72,Fort Capital,The Lawson Company ,N/A,N/A,South Stemmons,East Hines North,1974,14',N/A,Part of a 5 building portfolio sale Fort Capital is purchasing. ,,
Pioneer Gardens,No,1102 State Highway 161,Grand Prairie,TX,75051,Mar-21," 322,824 ","$29,375,000",$91,Cohen Asset Management,Nuveen,100%,4.47%,Great Southwest / Arlington,Lower GSW,1980,28',+/- 1%,,,JLL
Northaven Square ,No,2630 Northhaven Rd,Dallas,TX,75229,Mar-21," 151,388 ","$14,000,000",$92,CoFE,Agarita Management Co,92%,6.00%,South Stemmons,East Hines North,1970,14',+/- 30%,Located at 2630 - 2750 Northhaven Rd and 11312 & 11235 Grissom Lane,,
7001 Enterprise Avenue,No,7001 Enterprise Avenue,Fort Worth,TX,76118,Jan-21," 76,000 ","$6,750,000",$89,Alterra,Enterprise Products,100%,0.00%,South Fort Worth,East Fort Worth,2003,32',N/A,100% occupied by Trussway through Feb-2024 at $6.00 NNN.  15 acre site.,,
Shiloh Commerce Center,No,600-640 Shiloh Rd,Plano,TX,75074,Dec-20," 318,884 ","$44,500,000",$140,MDH Partners,Trident Capital Group,100%,5.52%,Northeast Dallas,Plano,2001,29',+/- 40%,"Shiloh Commerce Center is a light manufacturing campus totaling 318,884 SF (inclusive of mezz space - the district commonly credits mezz space as part of the building SF), located in Plano's Research/Technology district within the Northeast Dallas Submarket. The buildings are 29' clear, 40% office, built in 2001, and hae a WALT of 8.37 years. ",,JLL
DFW Logistics Portfolio,No,5309 Superior,Fort Worth,TX,76106,Dec-20," 168,600 ","$38,000,000",$225,CIP,Moxiebridge,100%,5.60%,North Fort Worth,Meacham Field/Fossil Creek,2006 - 2009,20' - 22',N/A,"Three low-coverage infill properties, 560 trailer parking spaces, 35.3 acres. Located at 1830-1840 High Prairie and 2202 Manan",,JLL
Northwest Center,No,10525 - 10625 Newkirk St,Dallas,TX,75220,Dec-20," 155,109 ","$10,000,000",$64,Entrada,Macey Family,98%,7.00%,South Stemmons,West Hines North,1984,14' - 18',+/- 48%,,,
Dorothy Drive,Yes,1360-1420 Presidential Drive,Richardson,TX,75081,Dec-20," 137,145 ","$14,500,000",$106,ATCAP Partners,Red Tail Acquisitions,96%,6.00%,Northeast Dallas,Richardson,1983,18',+/- 50%,"Five light industrial buildings totaling 137,145 SF that are 96% leased to 22 tenants. Average office finish is 50% across the portfolio and in-place rents are +/-5% below market. Located at 1360-1420 Presidential Drive, 850-890 North Dorothy Drive 1420 Halsey Way, 1406 Halsey Way, 2122 Country Club Drive and 2855 Trinity Square Drive.",,JLL
1501 Plano ,No,1501 N Plano Rd,Richardson,TX,75081,Dec-20," 84,140 ","$8,300,000",$99,Berkley Partners ,Pratco,59%,"Stabilized 
8.5%",Northeast Dallas,Richardson,1984,21',+/- 40%,,,JLL
DFW Shallow Bay Portfolio,Yes,2526 Manana,Dallas,TX,75220,Nov-20," 609,639 ","$46,500,000",$76,Birtcher Anderson,Fort Capital,94%,5.30%,South Stemmons,East Hines North,1954 - 1995,12' - 25',+/- 24%,"8-asset shallow bay portfolio located in high-quality infill locations across DFW.  94% leased to over 100 tenants with a WALT of 2.4 years and  in-place rents averaging 35% below market. Located at 2526 Manana, (3109, 3113, 3300 Garden Brook Drive), 4101 Lindbergh Drive, 1100 - 1220 Luke Street, 1655 Hickory Drive, 1101 & 1115 NE 23rd Street, 2901, 2905, 2921, 2951 Suffolk Drive.",,
4653 Nall Rd. ,No,4653 Nall Rd. ,Farmers Branch,TX,75224,Nov-20," 66,437 ","$6,311,515",$95,Watchung Capital ,Abbott Labs,100%,N/A,Northwest Dallas,Metropolitan/Addison,1974,23',N/A,User-sale,,CBRE
Stonelake  Portfolio,Yes,3510 Pipestone Road,Dallas,TX,75212,Oct-20," 3,089,799 ","$243,500,000",$79,Westcore,Stonelake,90%,5.40%,South Stemmons,Eastern Lonestar,1967 - 1999,15' - 28',+/- 10%,"35 building portfolio located in strong in-fill locations across Dallas, Houston, and San Antonio.  Primarily multi-tenant assets with a total of 94 tenants across the portfolio.  41% of the portfolio is located in Dallas (1,272,837 SF // 15 buildings // 29 tenants // 9% avg office finish). Located at 3510, 3609, 3530, 3613-3717 Pipestone Road, 3701 & 3702  La Reunion Parkway,  1122 – 1130 W. Carrier Parkway, 1905 110th Street,  1255 Champion Circle,  2205 Hutton Drive,  1901 Diplomat Drive, 2707 Realty Road,  1103 – 1215 Trend Driv",,JLL
4040 Forest Lane,No,4040 Forest Lane,Garland,TX,75042,Oct-20," 649,361 ","$23,500,000",$36,Lightstone Group,Fort Capital,97%,7.45%,Northeast Dallas,NE Dallas/Garland,1960 / 2016,12' - 40',+/- 5%,"Four building industrial park positioned on a 47-acre land parcel, providing strong in-place cash flow and excellent future development opportunity. 97% leased to 5 tenants with 4.8 years WALT.  Pricing is $12.50 to the dirt.",,
2727 Northaven,No,2727 Northaven,Dallas,TX,75229,Oct-20," 54,250 ","$4,350,000",$80,Richland Capital Holdings,KWL Commercial,100%,6.25%,South Stemmons,East Hines North,1970,22',+/- 20%,5-year lease to UPS.,,
5601 Mark IV Pky - FedEx,No,5601 Mark IV Pky,Fort Worth,TX,76131,Sep-20," 92,450 ","$8,110,000",$88,M.H. Sherman Company ,Infinity Nine ,100%,5.70%,North Fort Worth,Meacham Field/Fossil Creek,1998,24',+/- 11%,"The site is leased to FedEx and they have been operating at this location for 22 years. They recently extended their lease an additional 10 years (extension commenced August 1, 2018), demonstrating their commitment to the site. Additionally, the double-net lease features a rent increase of 20% in August 2023, and has (2) 5-year renewal options.",,
2200 Heritage Parkway,No,2200 Heritage Parkway,Mansfield,TX,76063,Jul-20," 459,868 ","$18,000,000",$39,Sellmark Corporation,Pier 1 Imports,0%,N/A,South Fort Worth,Mansfield,1988,30',+/- 2%,"User sale. 460k square foot distribution facility positioned on 28.75 acres.  Purchase price included nearly $1M for all furniture, fixtures, racking and other equipment.",,
300 N Belt Line Road,No,300 N Belt Line Road,Irving,TX,75061,Jul-20," 51,476 ","$9,600,000",$186,Brookfield,YRC Worldwide,0%,"6.50%
Stabilized",South Stemmons,West Brookhollow,1965,24',N/A,"125-door, high throughput facility located on 12 acres, with 184 trailer parking spaces, 176 car parking spaces, and a 51,476 SF truck terminal facility.  Pricing was $77k per door.",,
4444 Irving Boulevard,No,4444 Irving Blvd,Dallas,TX,75247,Jun-20," 57,000 ","$10,600,000",$186,Brookfield,Crown Enterprises,100%,5.50%,South Stemmons,West Brookhollow,1958,20',N/A,"15-acre infill truck terminal with a 57,000 square foot terminal with 118 doors and an expansive yard for both truck and car parking.  Property is 100% leased to Rich Logistics, Inc with 6 years of remaining lease term with a below market in-place rent.",,
Skyway Circle North,No,"3101-3115 Skyway Circle North
",Irving,TX,75038,May-20," 62,028 ","$5,817,660",$94,Kennington Commercial,Nuveen,70%,6.50%,DFW Airport,E DFW Airport/Las Colinas,1981,18',+/- 30%,"Infill, light industrial building near DFW Airport that is 70% leased to 3 tenants with a WALT of 2 years.",,
2801 Summit Avenue,No,2801 Summit Avenue,Plano,TX,75074,Apr-20," 114,150 ","$13,468,000",$118,OPEX Corporation,Advocare International,0%,N/A,Northeast Dallas,Plano,1989,24',+/- 38%,"User Sale.  Purchased by OPEX Corporation from Advocare International, who was the previous user of the building.  OPEX Corporation is a leading manufacturer of warehouse automation, and will occupy the building going forward.",,
Texas Star Logistics Park,No,1118 South Airport Circle,Euless,TX,76040,Apr-20," 78,418 ","$6,116,604",$78,Longpoint Realty Partners,Key Player Entertainment,100%,8.00%,DFW Airport,West DFW Airport,1984,16',N/A,Four 100% leased multi-tenant shallow-bay industrial buildings in upper GSW.,,JLL
Addison II,No,"4550 Excel Parkway
",Addison,TX,75001,Mar-20," 182,154 ","$18,850,000",$103,Pillar Commercial,Luzzatto Company,100%,7.15%,Northwest Dallas,Metropolitan/Addison,1996,32',+/- 74%,"Light industrial facility adjacent to Addison Airport.  100% leased to 5 tenants with 4.0 years WALT and in-place rents averaging 48% below market.  The Property included 65,000 SF (36% og GLA) of 2nd floor office / call center space.",,
Commerce Business Park,No,8401 Sterling Street,Irving,TX,75063,Feb-20," 179,049 ","$18,000,000",$101,Fort Capital,Salvan Capital,77%,6.50%,DFW Airport,E DFW Airport/Las Colinas,1981,14',± 80%,"Commerce  Business  Park  consist  of  33  buildings  totaling  179,049  SF  that  are  currently 77.1% leased. The buildings are located on 11.6 acres of land adjacent to DFW Airport on fee simple land.  The in-place cap rate = 6.15%.",,
3020 E Highway 80,No,3020 E Highway 80,Mesquite,TX,75149,Feb-20," 31,613 ","$6,100,000",$193,Dependable Auto Shippers of Texas,Agarita Management Co,100%,7.00%,East Dallas,East Dallas/Mesquite,1982,20',+/- 35%,User sale. Truck terminal located on a 31 acre site.,,CBRE
Frontier DFW Shallow Bay Portfolio,Yes,1925-1939 N GSW Pky,Grand Prairie,TX,75050,Jan-20," 303,080 ","$24,250,000",$80,KKR,Frontier Equity,78%,0.00%,Great Southwest / Arlington,Upper GSW,1969 - 2001,16' - 24',+/- 18%,"Portfolio of 5 infill shallow bay assets totaling 303,080 SF with an average suite size of 20,205 SF.  Three assets are 100% leased.  Boomer Circle is 45% leased.  113th Street is vacant.  Average in-place rental rate of $5.15 NNN with a WALT of 3.3 years. Located at 10605 Boomer Circle, 3333 Miller Park S, 1920 Hutton Court, 1169-1171 113th Street",,
GM Distribution Center,No,301 Freedom Drive ,Roanoke,TX,76262,Dec-19," 404,450 ","$27,825,000",$69,General Motors,LBA / Blackstone,100%,5.93%,North Fort Worth,Northeast Tarrant/Alliance,2001,24',+/- 5%,User sale.  This was a spinoff from the 100-property portfolio Blackstone bought from LBA in November 2016.  The building is 100% leased to General Motors (expiring March 2023) at $4.02 PSF with 2% annual bumps.  Four 5-year renewal options with the first at 2% annual increases and the next three at FMV.  A roof replacement will be needed.  GM ended up exercising their ROFR,,CBRE
Rialto Dallas Infill Industrial Portfolio,Yes,10990 Petal Street,Dallas,TX,75238,Dec-19," 1,569,201 ","$117,400,000",$75,Sealy & Co,Rialto,98%,5.74%,Great Southwest / Arlington,Upper GSW,1974 - 1999,12' - 30',N/A,"The Dallas Infill Industrial Portfolio features 15 properties with ages ranging from 1974 to 1999 and clear heights from 12' - 30'.  The portfolio includes 66 tenants with a WALT of 2.9 years.
*The 5.74% cap rate includes approximatley $5.5 million in needed roof capital. Located at 10990 Petal Street, 2115 Valley View, 2727 Airport, Riverside Business Center, Executive Center 1-7 and 3700 Eagle Place ",,CBRE
Valwood Portfolio - West Crosby,Yes,1617 W Crosby Road,1617 W Crosby Road,TX,75006,Dec-19," 360,410 ","$41,000,000",$114,Cohen Asset Management,Garrett Group,100%,5.75%,Northwest Dallas,Lewisville,1998 - 2001,24' - 26',+/- 60%,"Portfolio of four flex buildings - Valwood 30, 33, 37, 45 - with ages ranging from 1998 - 2001. The overall office finish averages 60%.  Schneider Electric occupies one building with 106,200 SF, while the multi-tenant buildings are 100% occupied with an average remaining term of 4.2 years. Located at 1650 W Crosby Road, 1400 Valwood Parkway, 1645 Wallace Drive",,
Campus Circle Distribution Center,No,5931 W Campus Circle Drive,Irving,TX,75063,Dec-19," 210,000 ","$14,100,000",$67,KKR,LBA Realty,100%,6.23%,DFW Airport,E DFW Airport/Las Colinas,1982,26',+/- 24%,100% leased to The Expo Group with 2.7 years of remaining lease term.,,JLL
Inwood Center,Yes,1110-1348 Inwood Road,Dallas,TX,75247,Nov-19," 738,198 ","$68,000,000",$92,Hines,Vantage Companies,92%,4.10%,South Stemmons,West Brookhollow,1961-1978,16' - 24',+/- 27%,"14-building, 38-acre infill business park located within the urban core of Dallas, presenting future vertical development potential (2.0 FAR / Mixed-Use / 270' Max Height). 2.3 years WALT with in-place rents averaging 48% below market. Located at 1110-1348 Inwood, 1137-1219 Conveyor Lane Road, 1105-1290 Security Drive, 1122-1140 Longpoint Avenu",,
Jupiter Business Park,Yes,2512 Summit Ave,Plano,TX,75074,Nov-19," 141,178 ","$14,000,000",$99,Moxiebridge,Berkeley Partners,88%,6.12%,Northeast Dallas,Plano,1984,18',+/- 19%,"Five building business park in Plano. Located at 2512, 2532, 2552 Summit Ave, 800 & 820 Jupiter Rd",,
3414 Herrmann Drive,No,3414 Herrmann Drive,Garland,TX,75041,Nov-19," 80,104 ","$5,350,000",$67,BV Powersports,Frontier Equity,0%,N/A,Northeast Dallas,NE Dallas/Garland,1984,29',+/- 0%,User Sale.  Purchased by BV Powersports in shell condition.,,
Lincoln Porte,No,14500 Trinity Blvd,Fort Worth,TX,76155,Oct-19," 64,280 ","$8,800,000",$137,NexPoint Real Estate Advisors,Lincoln Property Company,100%,7.35%,Great Southwest / Arlington,Upper GSW,1984,15',± 85%,"Lincoln Porte is a light industrial building totaling 64,280 SF that is currently 100% leased to 7 tenants with an WALT = 4.1 years. The Property is located in the Upper GSW industrial submarket, within CentrePort on Trinity Boulevard.",,
Pioneer Gardens,No,1102 State Highway 161,Grand Prairie,TX,75051,Oct-19," 322,824 ","$16,786,848",$52,-,Home Depot,0%,6.00%,Great Southwest / Arlington,Lower GSW,1980,28',+/- 1%,6 month sale-leaseback to Home Depot,,CBRE
2115 E. Randol Mill Road,No,2115 E. Randol Mill Road,Arlington,TX,76011,Aug-19," 182,630 ","$14,900,000",$82,Sealy & Company,Office Properties Income Trust,100%,N/A,Great Southwest / Arlington,Lower GSW,1988,24',N/A,"Built in 1988, fully leased building that features 6 exterior docks and 1 DID.",,
DFW Logistics Portfolio,Yes,2627-2659 Market St.,Garland,TX,,Aug-19," 584,492 ","$37,600,000",$64,TA Realty,Prologis,100%,5.71%,Northeast Dallas,NE Dallas/Garland,1975-1994,18' - 23',+/- 8%,"7 in-fill indusrial buildings totaling 584,492 square feet - 100% leased to a mix of single and multi-tenant buildings with a WALT of 3.67 years.  Cap rate includes $4.8 million of capital needed in the first year.",,
Texas Infill Portfolio ,Yes,4040-4130 Lindbergh Drive,Addison,TX,75001,Jul-19," 1,417,211 ","$103,000,000",$73,AEW,TA Realty,91%,"5.05%
(Stabilized)",Northwest Dallas,Metropolitan/Addison,1970-1982,16' - 24',+/- 15%,"14 building infill industrial portfolio with a WALT of 2.89 years and average suite size of 24,448 SF.  12 assets totaling 1,181,747 SF are in Dallas and 2 assets totaling 235,464 are in San Antonio. The Dallas assets included 4040-4130 Lindbergh Drive; 1135 & 1215 Crowley Drive; 4415-4585 Simonton Road; and the Dallas Commerce Center consisting of 8 buildings between 3276-3310 Quebec Street and 4801-4949 Sharp Street.",,
8220 Ambassador Row,No,8220 Ambassador Row,Dallas,TX,75247,Jun-19," 129,061 ","$8,300,000",$64,Stonelake Capital Partners,Brennan Investment Group,100%,6.30%,South Stemmons,West Brookhollow,1966,18',+/- 21%,"Built in 1966 and renovated in 2015, the building features 11 exterior docks and has a fenced truck court. The building was fully leased at time of sale.",,JLL
Chrysler Portfolio,Yes,225 East Belt Line Road,Carrolton,TX,75006,Jun-19," 255,422 ","$12,500,000",$49,Stepp Investments,Block Real Estate,100%,6.25%,Northwest Dallas,Metropolitan/Addison,1970,24',+/- 10%,Single tenant asset leased to Chrysler for 5 years with a termination option in 2 years,,
WestWood Business Park,Yes,"1801 Royal Lane
11482 Luna Road",Farmers Branch,TX,75229,Jun-19," 228,000 ","$19,000,000",$83,Finial / Trigate,Property Advisors,75%,8.00%,South Stemmons,West Hines North,1980-1990,18' - 23',+/- 75%,"12-building business park in Farmers Branch totaling 228,000 square feet of office and industrial space with a WALT of 3.4 years.",,
Dallas and Houston Infill Light Industrial Portfolio,Yes,6601 North Belt Line Road,Irving,TX,75063,May-19," 1,074,130 ","$65,675,000",$61,Nuveen,Colony Northstar,88%,5.15%,DFW Airport,E DFW Airport/Las Colinas,1979,19',+/- 16%,19 building portfolio in Dallas and Houston,,JLL
DFW Truck Center Portfolio,Yes,5309 Superior Parkway,Fort Worth,TX,76106,May-19," 168,600 ","$25,000,000",$148,Moxiebridge,Frontier Equity,98%,6.60%,North Fort Worth,Meacham Field/Fossil Creek,2006 - 2009,20' - 22',+/- 15%,"Three property truck center portfolio positioned on large desirable land sites in Valwood, Upper GSW, and North Fort Worth totaling 35.3 acres.  A large portion of the portfolio's income (31% at TOS) is generated through trailer parking leases, with 560 trailer parking spaces across the portfolio.  Warehouse rental rates averaged 17% below market.  Trailer parking rates averaged 36% below market. Located at 5309 Superior Pky, 1830 & 1840 High Prairie Road, 2202 Manana Drive",,
Valwood Portfolio,Yes,3500 Garden Brook Dr,Farmers Branch,TX,75234,May-19," 157,000 ","$8,792,000",$56,Fort Capital,Kennington Commercial,93%,6.85%,South Stemmons,West Hines North,Various,Various,N/A,"Five-building light industrial portfolio. Located at 113, 3109, 3300, 3500 Garden Brook Dr and 4101 Lindbergh Dr.",,
805 W. Carrier Parkway,No,805 W. Carrier Parkway,Grand Prairie,TX,75050,Apr-19," 41,728 ","$3,074,936",$74,Blue Ridge Industrial,"Lone Star Communications, Inc.",100%,8.35%,Great Southwest / Arlington,Upper GSW,1985,18',+/- 15%,"Off market transaction. Built in 1985, the building features 16 exterior docks and 5 DIDs. The property is 100% leased to six tenants.",,
4545 W. Davis Street,No,4545 W. Davis Street,Dallas,TX,75211,Apr-19," 127,270 ","$8,616,000",$68,Megger,Epina Davis,100%,N/A,South Stemmons,Eastern Lonestar,2001,24',+/- 31%,"User Sale. Built in 2001, the 2-story building features 12 exterior docks, 1 DID, 227 car parking spaces and a fully fenced property. The building has 17K sf of mezzanine. The building is located in the Pinnacle submarket.",,
Crosby35,No,1225 E. Crosby,Carrollton,TX,75006,Mar-19," 141,735 ","$11,800,000",$83,Longpoint Realty Partners,Principal Global Investors,100%,6.63%,Northwest Dallas,North Stemmons/Valwood,1983,16'-22',N/A,"Built in 1983, Crosby35 consists of two 100% leased multi-tenant buildings.",,
4271 Bronze Way,No,4271 Bronze Way,Dallas,TX,75237,Mar-19," 60,000 ","$3,850,000",$64,Riteland,Megger,100%,N/A,South Stemmons,Redbird Airport,1973,18'-20',N/A,"User Sale. Built in 1973, the building features 3 exterior docks.",,
"6676, 6701 & 6715 Corporation Parkway",No,6676 Corporation Parkway,Fort Worth,TX,76126,Mar-19," 72,426 ","$6,000,000",$83,Corinth Land Company and Prattco Creekway Industrial,Wilks Heritage Group,100%,N/A,South Fort Worth,Southwest Tarrant,2007,16'-22',N/A,"3 buildings in the IH-20 West Business Park. The buildings were fully leased at time of sale. The seller, Wilks Heritage Group is a building tenant. Located at 6676, 6701, 6715 Corporation Parkway",,
2465 Joe Field Road,No,2465 Joe Field Road,Dallas,TX,75229,Mar-19," 128,877 ","$8,700,000",$68,Sealy & Company,"Pepper Family, LLC",100%,N/A,South Stemmons,East Hines North,1989,33',+/- 15%,"Built in 1989, the building features 7 dock high positions, 3 dock doors with shelters, 1 ramp and a 80' truck court. The single tenant building is 100% occupied by Luxottica, the largest eyewear company in the world.",,
"DFW Light Industrial
Portfolio",Yes,3220 Keller Springs Road,Carrollton,TX,75006,Feb-19," 265,088 ","$36,847,232",$139,Adler Real Estate Partners,Americo Real Estate,93%,7.00%,Various,"Northwest Dallas
South Dallas",2005,16',+/- 84%,Two light industrial properties in Lewisville and Keller Springs and one call center in Ennis,,JLL
Quaker Court,No,1144-1188 Quaker Street,Dallas,TX,75207,Feb-19," 205,471 ","$17,100,000",$83,ML Realty,Frontier Equity,97%,5.15%,South Stemmons,North Trinity,1965,18',+/- 7%,Two industrial buildings on the edge of Design District and Brookhollow.  In-place rates are 30% below market.,,JLL
"Stoneridge 1, 2 & 3",Yes,2550 Beckleymeade Avenue,Dallas,TX,75237,Feb-19," 171,025 ","$10,700,000",$63,Moxiebridge,TA Realty,89%,7.30%,South Dallas,Southwest Dallas/US 67,1987,18 - 21,+/- 60%,"Three building portfolio located in South Dallas.  The portfolio is made up of one office building that is 75% occupied and two warehouse buildings that are fully leased. Located at 2550 Beckleymeade Avenue, 9050, 9110 - 9120 Autobahn Drive",,
700 106th Street,No,700 106th Street,Arlington,TX,76011,Jan-19," 81,400 ","$4,825,000",$59,High Street Equity Advisors,CheckerProp,100%,5.40%,Great Southwest / Arlington,Lower GSW,1967,27',+/- 6%,"Built in 1967, the building features 11 exterior docks, 3 DIDs and a 126' truck court. 100% leased by Rogers Foam.",,JLL
7301 Ambassador Row,No,7301 Ambassador Row,Dallas,TX,75247,Jan-19," 241,231 ","$12,500,000",$52,Stonelake,Entrada Partners,100%,3.80%,South Stemmons,West Brookhollow,1956,16-20,+/- 10%,Single tenant building with 15 months of lease term.  In-place rates are significantly below market.,,
1906 S Great Southwest Pky,No,1906 S Great Southwest Pky,Grand Prairie,TX,75051,Dec-18," 49,592 ","$4,000,000",$81,Astro Sheet Metal Co.,M.G. Bryan Investment Holdings,0%,N/A,Great Southwest / Arlington,Lower GSW,1973,19',+/- 19%,"User Sale. Built in 1973, the building features 6 exterior docks and 2 DIDs. The warehouse sits on 3.03 acres with a rail spur.",,
4000 Dan Morton Drive,No,4000 Dan Morton Drive,Dallas,TX,75236,Dec-18," 207,729 ","$9,620,000",$46,Keller Logistics Group,Gruma Corporation,100%,7.16%,South Dallas,Redbird Airport,1980,17'-25',+/- 3%,"User Sale. Built in 1980, food grade facility which features 24 docks, 3 grade level doors and is rail served by BNSF. The sale price of $8.26 million was adjusted upward by $1.99 million to account for planned Capex. Excess land value estimated at $630,000 and sale price adjusted downward to exclude contributory value. The resulting adjusted sale price equated to $9.62 million.",,
Gateway East Distribution Center,Yes,3502 Regency Crest Dr,Garland,TX,75041,Dec-18," 164,914 ","$10,500,000",$64,Exeter Property Group,STAG Industrial,100%,6.28%,Northeast Dallas,NE Dallas/Garland,1998,32',+/- 14%,"Part of seven property, 1.8M SF portfolio. 100% leased to Zobele USA (8.3 years of term remaining) $4.00/sf NNN.",,JLL
Centreport Tech I & IV,No,4100 Amon Carter Blvd,Fort Worth,TX,76155,Dec-18," 112,413 ","$12,800,000",$114,"Herzog 
(Tenant)",Lee Financial,93%,8.00%,Great Southwest / Arlington,Upper GSW,1999,18',+/- 90%,Two light industrial / single story office buildings located within Centreport. Located at 4100 Amon Carter Blvd and 15100 Trinity Blvd.,,JLL
8181 Ambassador Row,No,8181 Ambassador Row,Dallas,TX,75247,Dec-18," 94,462 ","$5,575,000",$59,Ramrock,MLB Properties,100%,4.75%,South Stemmons,West Brookhollow,1979,22',+/- 13%,Single tenant building with 15 months of lease term.  In-place rates are 50% below market.,,
614-616 111th Street,No,614-616 111th Street,Arlington,TX,76011,Oct-18," 56,960 ","$2,955,085",$52,Stonelake Capital Partners,Polyprime,0%,N/A,Great Southwest / Arlington,Lower GSW,1981,20',+/- 10%,"Built in 1981, the building has 6 exterior docks and 1 DID.",,
11431 Plano Road,No,11431 Plano Road,Dallas,TX,75243,Oct-18," 35,478 ","$2,341,548",$66,C & K Dallas LLC,Flooring Direct,100%,N/A,Northeast Dallas,NE Dallas/Garland,1980,20',N/A,"Flex building. Built in 1980, the building features 7 exterior docks and 3 DIDs. The building was 100% leased at time of sale.",,
Westpark Distribution Center,No,1750-1850 Westpark Dr,Grand Prairie,TX,75050,Sep-18," 425,850 ","$23,750,000",$56,Stonelake,TA Realty,62%,5.50%,Great Southwest / Arlington,Upper GSW,1979,24' - 28',+/- 10%,"Multi-tenant, value add industrial building in Upper GSW",,JLL
2115 Belt Line,No,2115 Belt Line Road,Carrolton,TX,75006,Sep-18," 356,855 ","$19,500,000",$55,Lexington Realty Trust,Rialto,100%,6.00%,Northwest Dallas,North Stemmons/Valwood,1975 / 1991,18' - 22',+/- 13%,100% leased distribution and manufacturing facility strategically located in the heart of Dallas. Occupied by Rudy's Food Products & L.E. Klein Company with 6.0 years average remaining lease term.,,JLL
Westmoreland,No,5510 & 5520 South Westmoreland Road,Dallas,TX,75237,Sep-18," 85,033 ","$9,700,000",$114,Finial ,Rialto,91%,7.20%,South Dallas,Redbird Airport,1985,16' - 21',+/- 92%,Two building light-industrial asset with 9.9 years avg. remaining lease term.  91% leased by credit tenants including American Airlines and Concentra Health Services. ,,
2908 Commodore Drive,No,2908 Commodore Drive,Carrolton,TX,75007,Sep-18," 81,535 ","$7,175,080",$88,ML Realty,Private Individual,0%,N/A,Northwest Dallas,North Stemmons/Valwood,1997,24',N/A,Vacant building in Carrollton.  ML underwrote to a stabilized 6.5% YOC,,
2521 Dalworth Street,No,2521 Dalworth Street,Grand Prairie,TX,75050,Aug-18," 15,541 ","$1,325,000",$85,"Hyborean, Inc.",TKO Enterprises Ltd,-,N/A,Great Southwest / Arlington,Lower GSW,1982,19',+/- 9%,"Built in 1982, the building features two exterior docks and two DIDs.",,
Texas Urban Logistics Portfolio,Yes,10510 Markison Rd,Dallas,TX,75238,Aug-18," 2,351,016 ","$174,000,000",$74,KKR,Crow Holdings,93%,5.50%,Various,Dallas / Houston,1981,23',+/- 15%,"2.3 million SF portfolio consisting of infill, Class B industrial in Dallas and Houston",,
7601 Ambassador,No,7601 Ambassador,Dallas,TX,75247,Aug-18," 185,220 ","$10,557,540",$57,ML Realty,Frontier Equity,100%,5.80%,South Stemmons,West Brookhollow,1958,22',+/- 6%,100% leased to 2 tenants,,
14001 Inwood Road,No,14001 Inwood Road,Farmers Branch,TX,75224,Jul-18," 110,906 ","$7,200,000",$65,Provident Realty Advisors,Blackstone,100%,6.08%,Northwest Dallas,Metropolitan/Addison,1971,24',N/A,"Built in 1971, the building features 5 exterior docks. The building was 100% leased at time of sale.",,
Skyway Business Center,No,3002-3018 S Skyway Cir S,Irving,TX,75038,Jul-18," 66,504 ","$4,615,000",$69,Dalfen America Corp,Hartman Income REIT,73%,4.10%,DFW Airport,E DFW Airport/Las Colinas,1981,18' - 20',+/- 30%,,,
1001 E. Campbell Road,No,1001 E. Campbell Road,Richardson,TX,75081,Jul-18," 75,119 ","$36,650,000",$488,Landmark Dividend LLC,Eyde Company,100%,N/A,Northeast Dallas,Richardson,1980,18',N/A,100% leased to SunGard Availability Services through May-2021.  Heavy office/data center finish with 6 exterior loading docks.,,JLL
Northgate Business Park,No,10254-10280 Miller Road,Dallas,TX,75238,Jul-18," 213,481 ","$13,500,000",$63,Prattco Creekway ,Clarion,100%,6.00%,Northeast Dallas,NE Dallas/Garland,1980,21',+/- 26%,"100% leased, final mile infill industrial park located adjacent to I-635. Asset offers lucrative mark-to-market opportunity with 14.4% below market rental rates and average remaining lease term of 3.3 years. Located at 10254-10280, 10668-10382, 10668-10382 10202-10248 Miller Road, 10304-10334 Brockwood Road",,
4030-4040 Forest Lane,No,4030-4040 Forest Lane,Garland,TX,75042,Jun-18," 660,070 ","$17,000,000",$26,Fort Capital,Dollar-Flowers Realty Partners / TRBP Ltd.,90%,N/A,Northeast Dallas,NE Dallas/Garland,"1960
(2001 Renov)",25'-40',+/- 7%,"Built in 1960 and renovated in 2001, the building has 40 exterior docks and 18 DIDs. The building was approximately 90% leased at time of sale.",,
10605 Boomer Circle,No,10605 Boomer Circle,Dallas,TX,75238,Jun-18," 48,000 ","$2,650,000",$55,Frontier Equity,"REGI Investments, Inc.",100%,5.50%,Northeast Dallas,NE Dallas/Garland,1981,18'-19',N/A,"Built in 1981, the building features 14 exterior docks. The building was 100% leased at time of sale.",,
7901 Ambassador Row,No,7901 Ambassador Row,Dallas,TX,75247,Jun-18," 91,500 ","$5,124,000",$56,Stonelake Capital Partners,Vertical Communications Inc.,-,N/A,South Stemmons,West Brookhollow,1958,15',+/- 5%,"Off market acquisition by Stonelake.  Built in 1958, the building has 10 dock high doors, 2 DIDs and fenced/paved outside storage.",,
1211 Regal Row,No,1211 Regal Row,Dallas,TX,75247,Jun-18," 40,081 ","$2,645,346",$66,Stonelake Capital Partners,Parrish-Hare Electrical,-,N/A,South Stemmons,West Brookhollow,1963,20',+/- 23%,"Built in 1963, the building features 4 exterior docks, 1 DID and secured outside storage.",,
11100 Plano Road,No,11100 Plano Road,Dallas,TX,75238,Jun-18," 136,882 ","$5,032,349",$37,"Mitchell Asset Group, Inc.",Guardian Building Products,100%,9.00%,Northeast Dallas,NE Dallas/Garland,1973,20',N/A,"Sale leaseback. Built in 1973, the building has 17 exterior docks and 1 DID. This was part of a 3 property portfolio which also included 1919 Avenue E in Lubbock, TX and 3101 Aniol Street in San Antonio, TX. All 3 buildings are 100% occupied by Guardian Building Products.",,CBRE
National Urban Logistics Portfolio,Yes,400-420 W Mockingbird Ln,Dallas,TX,75247,Jun-18," 4,512,438 ","$300,000,000",$66,Investcorp,Greenfield Partners,-,6.44%,South Stemmons,West Brookhollow,-,14'-24',+/- 30%,"Acquisition of 56 industrial properties totaling 4.5M square feet across 7 major American markets, primarily in Dallas (938,679 sf) and Chicago (800,039 sf). 16 multi-tenant Class B warehouse/flex buildings in Dallas and 14 single and multi-tenant Class B warehouse/manufacturing buildings in Chicago. Portfolio averaged 90% leased at time of sale. Dallas assets were 96% leased; Chicago assets were 94% leased.",,JLL
"DFW/ATL Portfolio
(DFW Assets Only)
",Yes,3853 East Berry Street,Fort Worth,TX,76119,Jun-18," 1,071,563 ","$59,450,000",$55,Circle Industrial,Berkeley Partners,87%,7.35%,South Fort Worth,Southwest Tarrant,1980-1986,-,+/- 30%,"11 property portfolio located in DFW and Atlanta.  7 properties totaling 1,071,563 SF are located in DFW. Located at 3853 East Berry Street, 5083 Bush Creek Rd, 8200-8216 Northeast Parkway, 8200-8216 Northeast Parkway, 701-705 North Glenville Drive, 11034 Shady Trail, 1421 Champion Drive, 4403 North Beltwood Pkwy",,
7471 Benbrook Parkway,No,7471 Benbrook Parkway,Benbrook,TX,75228,May-18," 76,625 ","$3,700,000",$48,Fort Capital,Railroad Controls Limited,0%,N/A,South Fort Worth,Southwest Tarrant,2002,26',+/- 21%,"Built in 2002, a metal constructed building that features 1 exterior dock, 2 DIDs, outside storage and parking for 71 cars. The building was vacant at time of sale.",,
3422 W Kingsley Road,No,3422 W Kingsley Road,Garland,TX,75041,May-18," 129,035 ","$4,580,742",$35,"Nora Lau
Taidot LLC",L/T Industrial Trust,-,N/A,Northeast Dallas,NE Dallas/Garland,1963,16',+/- 5%,"User Sale. Built in 1963, the building features 17 dock doors and 180' truck court.",,
Northgate II,No,10202 Miller Road,Dallas,TX,75238,May-18," 193,931 ","$12,200,000",$63,Agellan,PS Business,97%,7.60%,Northeast Dallas,NE Dallas/Garland,1985,18',+/- 57%,Portfolio of 7 flex buildings in Garland,,
Project Longhorn (Dallas Portion),Yes,186 Intermodal Parkway,Fort Worth,TX,76177,Apr-18," 2,051,552 ","$190,200,000",$93,Mapletree Investments Ltd,Exeter Property Group,94%,5.28%,North Fort Worth,Northeast Tarrant/Alliance,Various,27',N/A,"Part of a large portfolio, 164 bulk warehouse totaling over 2.5M sf. The portfolio was 94% occupied at time of sale, with the Dallas portion 81% occupied.",,
2535-2555 Irving Boulevard,No,2535-2555 Irving Boulevard,Dallas,TX,75207,Apr-18," 44,400 ","$3,550,000",$80,Mosher Properties,Lang Real Estate Services,-,N/A,South Stemmons,North Trinity,1966,18',N/A,"Built in 1966, the building features 3 exterior docks and 5 DIDs.",,JLL
Technology Business Center,No,3301 E Renner Road,Richardson,TX,75082,Apr-18," 142,051 ","$18,000,000",$127,Exeter,JG Management,100%,7.95%,Northeast Dallas,Richardson,2001,18',+/- 83%,"5 Flex Buildings located in Richardson. Located at 3301, 3311, 3321 E Renner Road, 3300, 3320 Matrix Drive",,
7301 Ambassador Row,No,7301 Ambassador Row,Dallas,TX,75247,Mar-18," 242,310 ","$7,250,000",$30,Entrada Partners,Gersham Properties,100%,N/A,South Stemmons,West Brookhollow,1956,16'-20',N/A,"Built in 1956, the building has 31 exterior docks.",,
"Richardson Tech Center 
",No,651-681 North Plano Road,Richardson,TX,75081,Mar-18," 96,660 ","$7,729,123",$80,Hartman Income REIT Management,Colonial Savings,74%,6.25%,Northeast Dallas,Richardson,1987,14'-16',N/A,Four Class B flex showroom buildings built in 1987.,,
1460 Avenue South,No,1460 Avenue South,Grand Prairie,TX,75050,Mar-18," 83,125 ","$6,650,000",$80,Nutri-Bon Distribution Company,PLR,0%,N/A,Great Southwest / Arlington,Upper Great Southwest,2017,28',N/A,"User Sale. Class B industrial building built in 2017 with 28' clear height, cross dock configuration. Sold to Nutri-Bon Distribution Company (user) in shell condition.",,
11325 Gemini Lane,No,11325 Gemini Lane,Dallas,TX,75229,Mar-18," 76,945 ","$3,722,365",$48,Lang Real Estate Services,Automotive Properties,,N/A,South Stemmons,East Hines North,1969,16'-18',+/- 14%,"Built in 1969, the building features 6 dock high doors, 14 semi-high doors and fenced outside storage.",,
8801 Ambassador Row,No,8801 Ambassador Row,Dallas,TX,75247,Mar-18," 200,066 ","$11,000,000",$55,Prologis,Freeman,0%,-,South Stemmons,West Brookhollow,1984,24',+/- 18%,"Built in 1984, the building has 15 exterior docks and 4 DIDs. The building has approximately 25,000 sf of mezzanine office, which if taken out of the SF number, brings the price to $59.44/sf. ",,
1001 Santerre Street,No,1001 Santerre Street,Grand Prairie,TX,75050,Mar-18," 41,625 ","$3,228,375",$78,"Pederson Natural Farms, Inc.",United Insulated Structures Corp,-,-,Great Southwest / Arlington,Upper Great Southwest,-,20',+/- 14%,"Built in 1985, the building features five exterior docks and 14,900 sf of freezer/cooler space.",,
1840 High Prairie,No,1840 High Prairie Rd,Grand Prairie,TX,75050,Mar-18," 33,600 ","$4,100,000",$122,Frontier,Berkeley Partners,100%,8.37%,Great Southwest / Arlington,Upper Great Southwest,2006,22',+/- 10%,"100% occupied, two-building 33,600 SF truck center located in the North Dallas suburb of Grand Prairie. Frontier Equity had recently acquired another truck center, so natural fit for their truck center acquisition target.",,
2020 Singleton Boulevard,No,2020 Singleton Boulevard,Dallas,TX,75212,Mar-18," 472,284 ","$25,000,000",$53,GAF Materials LLC,Keller Logistics Services,100%,-,South Stemmons,Eastern Lonestar,1975,32',N/A,"User Sale. Built in 1975, the building has 50 exterior docks and 1 DID.",,
DFW Airpoort Portfolio,No,500 & 510 Airline Drive,Dallas,TX,75019,Mar-18," 577,621 ","$45,000,000",$78,LBA Realty,Transpacific Development Company,100%,6.60%,DFW Airport,E DFW Airport/Las Colinas,1995,30',N/A,Fee simple DFW Airport.  500 Airline and 217 Wrangler Drive.  100% HVAC. Located at 500 & 510 Airline Drive,,
1050 Metro Media Pl - Bldg 3,No,1050 Metro Media Pl,Dallas,TX,75247,Mar-18," 21,589 ","$1,400,000",$65,MJM Sourcing,Ara Metals LLC,-,-,South Stemmons,West Brookhollow,1957,16',+/- 32%,"Flex. Built in 1957, the building features 3 exterior docks and 3 DIDs.",,
10340 Denton Drive,No,10340 Denton Drive,Dallas,TX,75220,Feb-18," 138,988 ","$5,430,000",$39,"PacVentures, Inc.",David Rosenfield,100%,7.25%,South Stemmons,East Hines North,1967,30',N/A,"Built in 1967, the building has 1 exterior dock and 6 DIDs. The property was 100% leased at time of sale.",,
Midway Business Park,No,7423 Airport Fwy,Fort Worth,TX,76118,Feb-18," 470,559 ","$29,000,000",$62,Cohen Asset Management,First Industrial,92%,7.15%,South Fort Worth,East Fort Worth,1982,14' - 20',+/- 31%,"19 building portfolio totaling 470,559 SF with rents 9% below market",,
Northgate Business Park IV,No,2010 Merritt Drive,Garland,TX,75041,Jan-18," 58,080 ","$4,230,000",$73,Stream Realty Partners,"WLA Investments, Inc.",100%,7.70%,Northeast Dallas,NE Dallas/Garland,1986,14'-28',+/- 50%,"Sale of 4 industrial/flex buildings. All buildings were 100% leased at time of sale. The property addresses include: 2345-2363 Merritt Drive, 2447 Merritt Drive and 2465-2505 Merritt Drive.",,
1713 S. Great Southwest Parkway,No,1713 S Great Southwest Pky,Grand Prairie,TX,75051,Jan-18," 43,846 ","$2,810,000",$64,Innovative Machine & Laser,Americo GSW LP,-,-,Great Southwest / Arlington,Lower GSW,1980,19'-24',+/- 9%,"Built in 1980, the building features eight grade level doors and a fenced yard for outside storage or trailer parking.",,
Century Business Center,Yes,2010 Century Center Blvd,Irving,TX,75062,Jan-18," 166,807 ","$9,000,000",$54,Michael Schau,Colony Northstar,92%,6.75%,South Stemmons,West Brookhollow,1980,24',+/- 30%,"3 building infill portfolio located in West Brookhollow. Located at 2010, 2020, 2030 Century Center Blvd",,JLL
1402 - 1406 Dunn,No,1402 & 1406 Dunn Drive,Carrolton,TX,75006,Jan-18," 100,856 ","$5,550,000",$55,ML Realty,Caddo Holdings,100%,5.00%,Northwest Dallas,North Stemmons/Valwood,1981  -1995`,20' - 24',+/- 7%,Three last mile properties located within Valwood with leases 30% below market.,,
1207 W. Crosby,No,1207 W Crosby Rd,Carrolton,TX,75006,Jan-18," 73,986 ","$3,699,300",$50,Stonelake,"Value Lighting 
(User)",100%,7.30%,Northwest Dallas,North Stemmons/Valwood,1972,21',+/- 4%,Single tenant building in Valwood with 3 years of remaining term,,JLL
1205 Crosby,No,1205 W Crosby Rd,Carrolton,TX,75006,Jan-18," 63,000 ","$3,780,000",$60,"EngineTech
(User)",Caddo Holdings,100%,4.30%,Northwest Dallas,North Stemmons/Valwood,1972,20',+/- 7%,Three last mile property located within Valwood with lease 30% below market.  User sale,,
3414 Herrmann Drive,,Garland,,,,Dec-17," 105,239 ","$1,000,000",$10,Holt Lunsford Commercial,L-3 Communications Corporation,0%,N/A,Northeast Dallas,Northeast Dallas,1984,29',+/- 0%,"User Sale. Built in 1984, the building has 3 exterior docks and 1 DID.",,
Miller and Lombardy,,,,,,Dec-17," 353,643 ","$21,400,000",$61,TA Realty,Lincoln Property Company,100%,5.90%,-,"Stemmons
NE Dallas",1982 - 1989,24' - 28',+/- 6%,Two-asset portfolio located in last mile locations.  Average remaining term is 2.6 years. ,,JLL
ESAB North American Center,,,,,,Oct-17," 422,819 ","$34,700,000",$82,New Mountain Capital,Mohr ,100%,7.30%,,Denton,1970 / 2016,18' - 44',+/- 15%,Single tenant building leased to ESAB (BB+ credit rating) for 11 years on a flat lease.,,JLL
Las Colinas 1 & 5,,,,,,Oct-17," 265,325 ","$15,200,000",$57,High Street Equity Advisors,Sealy ,100%,5.80%,,DFW Airport,1983,24',+/- 20%,100% occupied two building property located southeast of DFW Airport,,
701 S. International Road,,,,,,Aug-17," 128,878 ",,$0,Cohen Asset Management,"Karlee, Inc.
Owner/User",100%,,,Northeast Dallas,1995,24',N/A,15 year sale / leaseback,,
780 Shiloh Road,,,,,,Aug-17," 114,655 ","$12,382,740",$108,Founders Properties,Westcore Properties,100%,6.65%,,Plano,2001,28',+/- 32%,,,
Greeenfield DFW Portfolio,,,,,,Jun-17," 2,005,980 ","$105,000,000",$52,Rialto,Greenfield,90%,6.50%,,"Northeast Dallas
South Dallas
Valwood
GSW",1983,22',+/- 27%,17 property portfolio made up of 1970-1990s vintage infill assets,,
Dallas Flex Portfolio,,,,,,May-17," 491,877 ","$31,100,000",$63,Entrada,Elliot Management Corp.,81%,7.90%,,"Coppell
Stemmons
Richardson
DFW Airport",1985,14'-22',,Portfolio consists of 7 flex properties located across the northern sector of DFW,,
"Brookhollow Portfolio 
Regal Row",,,,,,May-17," 101,939 ","$4,656,000",$46,Waters and Kraus,Caddo Holdings,100%,6.40%,,Brookhollow,1957,17',+/- 13%,Property is 100% occupied by Guard-All with 2 years of remaining term,,
"Hutton Court
1920 Hutton Court",,,,,,May-17," 52,613 ","$4,051,201",$77,Frontier,Mountain West Industrial Properties,100%,7.50%,,Valwood,2001,20',+/- 48%,Property is 100% occupied by five tenants with average remaining lease term of 2.6 years.  Property features 20' clear with approximately 48% office finish. ,,
"Brookhollow Portfolio 
Quaker Court and Ambassador Row ",,,,,,Apr-17," 390,691 ","$17,750,000",$45,Frontier Equity,Caddo Holdings,100%,6.25%,,Brookhollow,1958 - 1965,18' - 22',+/- 7%,"Two Property, multi-tenant portfolio positioned in the urban-infill industrial market, Brookhollow. ",,
Railhead Value-Add Industrial Portfolio,,,,,,Mar-17," 1,278,815 ","$57,546,675",$45,Gramercy,BH Properties,78%,5.00%,,North Fort Worth,1975-1991,15'-26',+/- 8%,Portfolio consists of 2 bulk distribution properties totaling 1.3 million square feet and 7.4 acre land parcel,,
"Eastpoint I
Shippers Warehouse",,,,,,Feb-17," 419,626 ","$14,100,000",$34,Dalfen,Sentinel Real Estate,100%,9.25%,,Mesquite,1987,28',+/- 4%,100% occupied to Shippers Warehouse with 2 years of remaining term.  It is known that Shippers will vacate at the end of term,,
2900 Airport,,,,,,Feb-17," 392,703 ","$18,653,393",$48,Exeter,Denton Warehouse Partners,100%,7.25%,,Denton,1996,25' - 35',+/- 2%,Single tenant (Readerlink) property with 5 years of remaining term.,,
Lombardy Distribution Center,,,,,,Jan-17," 267,556 ","$16,600,000",$62,Cohen Asset Management,ARA,93%,6.30%,,Stemmons,1983,19',+/- 23%,"The Property consists of five shallow-bay distribution buildings totaling 267,556 SF that are currently 93% leased. ",,
Union Bower,,,,,,Dec-16," 303,687 ","$20,100,000",$66,ML Realty,Quadrant Properties,95%,6.95%,,South Stemmons,1986-1997,18' - 26',+/- 20%,The Portfolio is 94.9% leased comprising of 6 contiguous buildings located in South Stemmons,,
9761 & 9755 Clifford,,,,,,Dec-16," 250,400 ","$19,250,000",$77,Colony,Colony,100%,6.20%,,South Stemmons,2001,24',,"Two Building, 250,400 SF industrial project located at 9755-9761 Clifford Drove.  Colony Capital purchased through its Colony Industrial Fund.",,
4830 Lakawana Street,,,,,,Dec-16," 78,000 ","$4,100,000",$53,Owner/User,Owner/User,0%,N/A,,Brookhollow,1978,23',+/- 15%,Vacant building in Brookhollow featuring 23' clear,,
Ambassador Center,,,,,,Dec-16," 70,200 ","$4,520,000",$64,St. Clair,Clarion Partners,99%,7.50%,,Stemmons,1985,18',+/- 57%,"Ambassador Center is a mulit-tenant, 70,200 industrial business park located in the Bookhollow submarket",,
Riverbend  Portfolio,,,,,,Sep-16," 1,006,921 ","$48,134,000",$48,Taurus Investment Holdings,Frontier Equity,93%,7.50%,,Northeast Dallas,1985,18 - 24',+/- 20%,15 Property Portfolio of flex and industrial assets,,
1925 N. GSW,,,,,,Sep-16," 49,725 ","$3,200,000",$64,Frontier Equity,Americo Real Estate,100%,7.80%,,Upper GSW,1976,16',+/- 8%,100% leased to two tenants with an average remaining lease term of 5.9 years.,,
Dallas Light Industrial Portfolio,,,,,,Aug-16," 1,487,207 ","$60,975,487",$41,Sealy,Prologis,85%,6.00%,,"GSW
Stemmons
Northeast
Las Colinas",1980 - 1986,16' - 24',+/- 28%,"Portfolio consists of 18 assets located in GSW (6), Northgate (4), Royal (South Stemmons - 6) and Las Colinas (2)",,
"Austin & Dallas Portfolio
Dallas Assets",,,,,,Aug-16," 518,182 ","$25,000,000",$48,Exeter,TA Realty,99%,7.45%,,"Upper GSW
Metro/Addison
Northeast",1977-1995,24' - 28',+/- 16%,"Dallas portfolio consists of 5 assets located in Centerport, Las Colinas, Metropolitan and Garland.  The portfolio is 100% leased.",,
Infill Dallas Industrial Portfolio,,,,,,May-16," 959,329 ","$49,000,000",$51,Cabot,TA Realty,100%,6.50%,,"Valwood
Upper GSW
Garland
Turnpike
Metro/Addison",1970 - 1993,24',+/- 11%,"Portfolio consists of 10 assets located in Valwood (2), Upper GSW (1), Garland (5), Turnpike (1), and Addison (1)",,
Eastpoint Business Center,,,,,,May-16," 409,760 ","$23,525,000",$57,Hillwood,Sentinel Real Estate,95%,6.73%,,Mesquite,1999,22' - 24',+/- 15%,5 building portfolio in Mesquite,,
Jupiter Center Industrial Portfolio,,,,,,Dec-15," 631,528 ","$35,350,000",$56,Exeter,Property Reserve Inc.,86%,6.50%,,Plano,1986 - 1995,,+/- 35%,"The Jupiter Center Industrial Portfolio is currently 85.9% leased to 29 tenants that have an average remaining lease term of 3.4 years, with 12 buildings located in Plano, TX. ",,
Turnpike Industrial Portfolio,,"Turnpike 1
3522 La Reunion Parkway
Turnpike 2
2104 French Settlement Road
Turnpike 5
3702 La Reunion Parkway
Turnpike 7
3609 Pipestone Road
Turnpike 8
3530 Pipestone Road
",,,,Dec-15," 529,103 ","$21,807,500",$41,Stonelake,Billingsley Company,90%,6.00%,,Turnpike,1974 - 1999,"20' - 24'
(22' Avg.)",+/- 9%,"The Turnpike Industrial Portfolio consists of 6 buildings totaling 529,103 SF that are currently 90% leased. The Portfolio is leased to 10 tenants that have an average remaining  lease term of 3.4 years.",,
3838 West Miller Road,,,,,,Dec-15," 200,000 ","$9,000,000",$45,Hillwood,Grand Hall USA,0%,N/A,,Northeast Dallas,2003,30',+/- 10%,Grand Hall USA (owner/user) is selling the Property and will vacate at the time of sale. The Property is located on West Miller Road just east of Interstate 635. ,,
3502 Regency Crest Drive,,,,,,Dec-15," 164,369 ","$7,890,000",$48,STAG Industrial,Office Max,0%,N/A,,Northeast Dallas,1998,32',+/- 15%,Office Max (owner/user) is selling the Property and will vacate at the time of sale. The Property is located on the southeast corner of Regency Crest and Jupiter Road in Northeast Dallas. ,,
Stoneridge Industrial Portfolio ,,,,,,Nov-15," 1,075,475 ","$57,000,000",$53,TA Realty,Stockbridge Real Estate,97%,6.05%,,South Dallas,1987 - 2000,"18' - 30'
(27' Avg.)",+/- 20%,"The Stoneridge Industrial Portfolio consists of seven industrial buildings totaling 1,075,475 that are currently 97% leased. The Portfolio is located in the South Dallas industrial market near the Southeast corner of the Interstate 20 and Hampton Road interchange. Four of the buildings (904,450 SF) are distribution buildings and three of the buildings (171,025 SF) are light industrial buildings. ",,
"4060 East Plano Parkway
Winzer Distribution Facility",,,,,,Aug-15," 122,595 ","$12,325,000",$101,James Campbell Company,Weeks Robinson,100%,6.39%,,Plano,2013,28',,The property is 100% leased to Winzer Distribution Facility,,
Dallas 35/75 Industrial Portfolio,,,,,,Jul-15," 700,790 ","$42,000,000",$60,ATCAP Partners,Stockbridge Real Estate,89%,6.15%,,"Valwood
Richardson",1978 - 1985,"13' - 24'
(19' Avg.)",+/- 10%,"The Dallas 35/75 Industrial Portfolio consists of 12 buildings totaling 700,790 SF that are currently 88.7% leased. The offering is located in Frankford Trade Center (1 building totaling 241,354 SF and in Richardson (11 buildings totaling 459,436 SF).",,
Northgate Business Park,,,,,,Jul-15," 393,862 ","$18,350,000",$47,Red Tail Acquisitions,Sentinel Real Estate,88%,7.15%,,Northeast Dallas,1979 - 1981,"14' - 22'
(19' Avg.)",+/- 33%,"Northgate Business Park consists of eight (8) shallow-bay and light industrial buildings totaling 393,862 square feet that are currently 87.8% leased to 41 tenants. The assets are located  just one mile from Interstate 635 (I-635) and are accessible via the Miller Road, Skillman Street or the Forest Lane exit.",,
Sealy Texas Industrial Portfolio,,,,,,Jun-15," 938,679 ","$45,690,000",$49,Greenfield Acquisition Partners,Sealy/AEW,88%,6.95%,,"Metro/Addison
Brookhollow",1977 - 1981,"14' - 24'
(20' Avg.)",+/- 30%,"The Portfolio consists of 16 buildings totaling 938,679 square feet. The Portfolio is located in Metro/Addison (10 buildings totaling 636,725 SF) and Brookhollow (6 buildings totaling 301,954 SF). Greenfield also purchased 356,922 SF in Houston and 180,475 SF in San Antonio that were a part of this portfolio.",,
"Texas Industrial Portfolio
Dallas Assets",,,,,,May-15," 1,015,672 ","$49,362,000",$49,Crow Holdings,Mayfield/Alliance Bernstein,98%,6.20%,,"Valwood
DFW Airport
West Brookhollow
Upper GSW
Lower GSW",1971 - 1987,"16' - 30'
(25' Avg.)",+/- 10%,"The Texas Industrial Portfolio is a 27-building, 2,351,016 SF industrial portfolio located in Dallas/Fort Worth and Houston which is currently 95.6% leased. Eleven (11) buildings totaling 1,015,672 SF (43% of the overall Portfolio) are located in Dallas/Fort Worth and sixteen (16) buildings totaling 1,335,344 SF (57% of the overall Portfolio) are located in Houston.",,
GSW & Alliance Industrial Portfolio,,,,,,Apr-15," 739,701 ","$42,162,957",$57,Colony Financial,High Street Equity Advisors,100%,5.25%,,"Upper GSW
Alliance",1978- 1998,"24' - 30'
(25' Avg.)",+/- 10%,"The Portfolio consists of six distribution buildings totaling 739,701 SF that are currently 100% leased. Five (5) buildings totaling 634,721 SF are located in Upper GSW and one (1) building totaling 104,989 SF is located in Alliance.",,
"957 Heinz Way & 
902-930 West N. Carrier Pkwy.",,,,,,Apr-15," 301,953 ","$12,800,000",$42,High Street Equity Advisors,TA Realty,100%,6.45%,,"Upper GSW
Lower GSW",1976/1979,"24' - 26'
(25' Avg.)",+/- 7%,The two building Portfolio is 100% leased Safety Tubs Company (902-930 West North Carrier Pkwy.) and International Auto Logistics (957 Heinz Way) with an average remaining lease term of 5.3 years.,,
Northgate III,,,,,,Apr-15," 155,494 ","$6,150,000",$40,Industry Capital,Frontier Equity,84%,8.10%,,Northeast Dallas,1983/1984,14' - 18',+/- 42%,"The portfolio consists of six multi-tenant light industrial buildings totaling 155,494 SF that are currently 84% leased. The properties are locate in Northeast Dallas near the Forest Land/Plano Road interchange.",,
"Plano Light Industrial
Portfolio",,,,,,Feb-15," 131,882 ","$10,915,000",$83,KFG Investment Company,Vintage Interests,94%,7.75%,,Plano,1985/2001,18',+/- 49%,"The Portfolio consists of two light industrial buildings totaling 131,882  square feet that are currently 94.1% leased to 28 tenants with an average remaining lease term of 3.1 years. Both properties are located in Plano within the Northeast Dallas industrial market.",,
"DFW Light Industrial
Portfolio",,,,,,Jan-15," 243,427 ","$20,810,000",$85,KFG Investment Company,Americo Real Estate,96%,7.42%,,"Airport North
Upper GSW
Plano",1984 - 2000,"16' - 24'
(21' Avg.)",+/- 71%,"The Portfolio consists of 4 light industrial buildings totaling 243,427 SF that are currently 96% leased. The buildings include the following: Carrier Place (83,896 SF), 1600 10th Street (39,181 SF), TriStar Tech Center (80,791 SF) and Beltline Business Center (39,559 SF). ",,